voivodeship_id,county_id,job_id,job_category,job_title,job_place,job_start,job_end
20,2007,ID: 76311/2024,,Psycholog,Miastkowo,2024-08-12,2024-08-18
20,2007,ID: 76174/2024,,Bibliotekarz,Stare Bożejewo,2024-08-12,2024-08-25
20,2007,ID: 76161/2024,Przedmioty i zajęcia ogólnokształcące,nauczyciel języka polskiego,Stare Bożejewo,2024-08-12,2024-08-25
20,2007,ID: 73877/2024,,Psycholog,Kisielnica,2024-08-07,2024-08-19
20,2007,ID: 73874/2024,Przedmioty i zajęcia ogólnokształcące,Nauczyciel edukacji wczesnoszkolnej,Kisielnica,2024-08-07,2024-08-19
20,2007,ID: 73374/2024,Przedmioty i zajęcia ogólnokształcące,Nauczyciel przedszkola,Piątnica Poduchowna,2024-08-06,2024-08-15
20,2007,ID: 73372/2024,Przedmioty i zajęcia ogólnokształcące,Nauczyciel przedszkola,Piątnica Poduchowna,2024-08-06,2024-08-16
20,2007,ID: 73041/2024,,Psycholog,Rydzewo,2024-08-06,2024-08-16
20,2007,ID: 72669/2024,,Psycholog,Drozdowo,2024-08-06,2024-08-23
20,2007,ID: 72500/2024,,Nauczyciel współorganizujący kształcenie uczniów z niepełnosprawnościami,Miastkowo,2024-08-05,2024-08-18
20,2007,ID: 72498/2024,,Nauczyciel współorganizujący kształcenie uczniów z niepełnosprawnościami,Miastkowo,2024-08-05,2024-08-19
20,2007,ID: 72327/2024,Przedmioty i zajęcia ogólnokształcące,nauczyciel religii,Jeziorko,2024-08-05,2024-08-16
20,2007,ID: 72057/2024,Przedmioty i zajęcia ogólnokształcące,Nauczyciel wychowania przedszkolnego,Kuzie,2024-08-05,2024-08-12
20,2007,ID: 71813/2024,,Tyflopedagog,Drozdowo,2024-08-05,2024-08-16
20,2007,ID: 71799/2024,,Nauczyciel współorganizujący kształcenie uczniów z niepełnosprawnościami,Nowe Kupiski,2024-08-05,2024-08-26
20,2007,ID: 71430/2024,,Psycholog,Stare Bożejewo,2024-08-04,2024-08-22
20,2007,ID: 71429/2024,Przedmioty i zajęcia ogólnokształcące,nauczyciel wiedzy o społeczeństwie,Stare Bożejewo,2024-08-04,2024-08-22
20,2007,ID: 71426/2024,Przedmioty i zajęcia ogólnokształcące,nauczyciel matematyki,Stare Bożejewo,2024-08-04,2024-08-15
20,2007,ID: 70375/2024,Przedmioty i zajęcia ogólnokształcące,nauczyciel edukacji wczesnoszkolnej,Jedwabne,2024-08-01,2024-08-14
20,2007,ID: 70338/2024,,Psycholog,Jedwabne,2024-08-01,2024-08-14
20,2007,ID: 70318/2024,Przedmioty i zajęcia ogólnokształcące,nauczyciel języka niemieckiego,Jedwabne,2024-08-01,2024-08-14
20,2007,ID: 70314/2024,Przedmioty i zajęcia ogólnokształcące,Nauczyciel WDŻ,Wizna,2024-08-01,2024-08-15
20,2007,ID: 70307/2024,Przedmioty i zajęcia ogólnokształcące,Nauczyciel geografii,Wizna,2024-08-01,2024-08-15
20,2007,ID: 70299/2024,Przedmioty i zajęcia ogólnokształcące,Nauczyciel zajęć rozwijających kompetencje społeczne,Wizna,2024-08-01,2024-08-15
20,2007,ID: 70290/2024,Przedmioty i zajęcia ogólnokształcące,Nauczyciel języka angielskiego,Wizna,2024-08-01,2024-08-15
20,2007,ID: 49280/2024,Przedmioty i zajęcia ogólnokształcące,EDB,Rakowo-Boginie,2024-06-27,2024-08-20
20,2007,ID: 49272/2024,,Logopeda,Rakowo-Boginie,2024-06-27,2024-08-20
20,2007,ID: 49262/2024,,Psycholog,Rakowo-Boginie,2024-06-27,2024-08-21
20,2007,ID: 48739/2024,,Pedagog specjalny,Olszyny,2024-06-26,2024-08-22
20,2007,ID: 48738/2024,,Psycholog,Olszyny,2024-06-26,2024-08-22
20,2007,ID: 48513/2024,Przedmioty i zajęcia ogólnokształcące,Nauczyciel wychowania przedszkolnego,Nowe Kupiski,2024-06-26,2024-08-25
20,2007,ID: 48066/2024,,Pedagog,Rutki,2024-06-26,2024-08-25
20,2007,ID: 48059/2024,,Pedagog specjalny,Rutki,2024-06-26,2024-08-25
20,2007,ID: 48049/2024,Przedmioty i zajęcia ogólnokształcące,nauczyciel informatyki,Rutki,2024-06-26,2024-08-25
20,2007,ID: 48008/2024,Przedmioty i zajęcia ogólnokształcące,nauczyciel edukacji dla bezpieczeństwa,Rutki,2024-06-26,2024-08-26
20,2007,ID: 48000/2024,Przedmioty i zajęcia ogólnokształcące,nauczyciel języka niemieckiego,Rutki,2024-06-26,2024-08-25
20,2007,ID: 47989/2024,Przedmioty i zajęcia ogólnokształcące,Nauczyciel wychowania przedszkolnego,Rutki,2024-06-26,2024-08-26
20,2007,ID: 46722/2024,,Psycholog,Jedwabne,2024-06-25,2024-08-22
20,2007,ID: 43998/2024,,Psycholog,Przytuły,2024-06-18,2024-09-30
20,2007,ID: 42568/2024,Przedmioty i zajęcia ogólnokształcące,nauczyciel historii,Kuzie,2024-06-14,2024-08-12
20,2007,ID: 41302/2024,,Nauczyciel współorganizujący kształcenie uczniów z niepełnosprawnościami,Jarnuty,2024-06-11,2024-08-23
20,2007,ID: 39326/2024,,Psycholog,Kuzie,2024-06-06,2024-12-30
20,2007,ID: 37010/2024,,Psycholog,Dobrzyjałowo,2024-06-04,2024-08-15
20,2007,ID: 18163/2024,,Psycholog,Pniewo,2024-04-03,2024-08-31
20,2007,ID: 17577/2024,,Pedagog specjalny,Przytuły,2024-04-02,2024-08-14
20,2007,ID: 17573/2024,,Pedagog,Przytuły,2024-04-02,2024-08-14
20,2014,ID: 74126/2024,,Surdopedagog,Szumowo,2024-08-07,2024-08-14
20,2014,ID: 67677/2024,Przedmioty i zajęcia ogólnokształcące,Nauczyciel wos,Grądy-Woniecko,2024-07-29,2024-08-14
20,2014,ID: 67673/2024,Przedmioty i zajęcia ogólnokształcące,Nauczyciel muzyki,Grądy-Woniecko,2024-07-29,2024-08-14
20,2014,ID: 66706/2024,Przedmioty i zajęcia ogólnokształcące,wychowanie przedszkolne,Rutki-Kossaki,2024-07-25,2024-08-12
20,2014,ID: 66429/2024,,Psycholog,Kołaki Kościelne,2024-07-25,2024-08-13
20,2014,ID: 63202/2024,Przedmioty i zajęcia ogólnokształcące,Edukacja wczesnoszkolna,Rutki-Kossaki,2024-07-17,2024-08-12
20,2014,ID: 62579/2024,,Psycholog,Zambrów,2024-07-16,2024-08-30
20,2014,ID: 62577/2024,,Nauczyciel współorganizujący kształcenie uczniów z niepełnosprawnościami,Zambrów,2024-07-16,2024-08-19
20,2014,ID: 57691/2024,Przedmioty i zajęcia ogólnokształcące,Nauczyciel wos,Kołomyja,2024-07-08,2024-08-14
20,2014,ID: 56985/2024,,Doradca zawodowy,Kołomyja,2024-07-05,2024-08-14
20,2014,ID: 56982/2024,Przedmioty i zajęcia ogólnokształcące,Nauczyciel edukacji dla bezpieczeństwa,Kołomyja,2024-07-05,2024-08-14
20,2014,ID: 56980/2024,Przedmioty i zajęcia ogólnokształcące,Nauczyciel wych.do życia w rodzinie,Kołomyja,2024-07-05,2024-08-14
20,2014,ID: 56972/2024,Przedmioty i zajęcia ogólnokształcące,Nauczyciel jęz.rosyjskiego.,Kołomyja,2024-07-05,2024-08-14
20,2014,ID: 56968/2024,Przedmioty i zajęcia ogólnokształcące,Nauczyciel fizyki.,Kołomyja,2024-07-05,2024-08-14
20,2014,ID: 56967/2024,Przedmioty i zajęcia ogólnokształcące,Nauczyciel chemii.,Kołomyja,2024-07-05,2024-08-14
20,2014,ID: 56965/2024,,Bibliotekarz,Kołomyja,2024-07-05,2024-08-14
20,2014,ID: 56956/2024,Przedmioty i zajęcia ogólnokształcące,Nauczyciel biologii.,Kołomyja,2024-07-05,2024-08-14
20,2014,ID: 56947/2024,,Psycholog,Kołomyja,2024-07-05,2024-08-15
20,2014,ID: 56921/2024,Przedmioty i zajęcia ogólnokształcące,Nauczyciel matematyki.,Kołomyja,2024-07-05,2024-08-14
20,2014,ID: 56910/2024,Przedmioty i zajęcia ogólnokształcące,Nauczyciel religii.,Kołomyja,2024-07-05,2024-08-14
20,2014,ID: 56896/2024,Przedmioty i zajęcia ogólnokształcące,Nauczyciel jęz.polskiego,Kołomyja,2024-07-05,2024-08-14
20,2014,ID: 56888/2024,Przedmioty i zajęcia ogólnokształcące,Nauczyciel wych.przedszkolnego,Kołomyja,2024-07-05,2024-08-14
20,2014,ID: 52540/2024,,Nauczyciel współorganizujący kształcenie uczniów z niepełnosprawnościami,Stary Skarżyn,2024-07-02,2024-08-19
20,2014,ID: 46269/2024,,Nauczyciel współorganizujący kształcenie uczniów z niepełnosprawnościami,Zambrów,2024-06-24,2024-08-19
20,2014,ID: 42991/2024,,Wychowawca w bursie,Zambrów,2024-06-14,2024-08-18
20,2014,ID: 41456/2024,Przedmioty i zajęcia ogólnokształcące,nauczyciel geografii,Zambrów,2024-06-12,2024-08-29
20,2014,ID: 40725/2024,Przedmioty i zajęcia ogólnokształcące,nauczyciel wychowania fizycznego,Zambrów,2024-06-10,2024-08-18
20,2014,ID: 36129/2024,Zawodowe,Nauczyciel przedmiotów logistycznych,Zambrów,2024-06-03,2024-08-29
20,2014,ID: 33818/2024,,Nauczyciel współorganizujący kształcenie uczniów z niepełnosprawnościami,Zambrów,2024-05-24,2024-08-17
20,2014,ID: 33811/2024,,Psycholog,Zambrów,2024-05-24,2024-08-17
20,2014,ID: 33805/2024,,Pedagog specjalny,Zambrów,2024-05-24,2024-08-17
20,2014,ID: 33793/2024,Przedmioty i zajęcia ogólnokształcące,Nauczyciel wychowania do życia w rodzinie,Zambrów,2024-05-24,2024-08-17
20,2014,ID: 33719/2024,Przedmioty i zajęcia ogólnokształcące,Nauczyciel języka niemieckiego,Zambrów,2024-05-24,2024-08-17
20,2014,ID: 33706/2024,Przedmioty i zajęcia ogólnokształcące,Nauczyciel historii,Zambrów,2024-05-24,2024-08-17
20,2014,ID: 33311/2024,Przedmioty i zajęcia ogólnokształcące,Katecheta,Zambrów,2024-05-23,2024-08-31
20,2014,ID: 33249/2024,Przedmioty i zajęcia ogólnokształcące,Nauczyciel biznesu i zarządzania,Zambrów,2024-05-23,2024-08-31
20,2014,ID: 31494/2024,Zawodowe,nauczyciel grafiki i poligrafii,Zambrów,2024-05-20,2024-08-30
20,2014,ID: 30698/2024,Przedmioty i zajęcia ogólnokształcące,nauczyciel języka angielskiego,Zambrów,2024-05-16,2024-08-30
20,2014,ID: 07263/2024,Przedmioty i zajęcia ogólnokształcące,Nauczyciel języka polskiego,Zambrów,2024-02-02,2024-08-30
20,2014,ID: 07262/2024,Przedmioty i zajęcia ogólnokształcące,Nauczyciel języka rosyjskiego,Zambrów,2024-02-02,2024-08-30
20,2014,ID: 07261/2024,Przedmioty i zajęcia ogólnokształcące,Nauczyciel języka niemieckiego,Zambrów,2024-02-02,2024-08-30
20,2014,ID: 07259/2024,Przedmioty i zajęcia ogólnokształcące,Nauczyciel historii,Zambrów,2024-02-02,2024-08-30
20,2014,ID: 07030/2024,Zawodowe,Nauczyciel informatycznych przedmiotów zawodowych,Zambrów,2024-02-01,2024-08-30
20,2014,ID: 06994/2024,Zawodowe,Nauczyciel Mechaniki,Zambrów,2024-02-01,2024-08-30
20,2014,ID: 06991/2024,Przedmioty i zajęcia ogólnokształcące,Nauczyciel informatyki,Zambrów,2024-02-01,2024-08-30
20,2062,ID: 76527/2024,,Tyflopedagog,Łomża,2024-08-12,2024-09-29
20,2062,ID: 75802/2024,,Pedagog,Łomża,2024-08-10,2024-08-16
20,2062,ID: 74486/2024,,Pedagog specjalny,Łomża,2024-08-08,2024-08-16
20,2062,ID: 74480/2024,Przedmioty i zajęcia ogólnokształcące,nauczyciel wychowania przedszkolnego,Łomża,2024-08-08,2024-08-16
20,2062,ID: 74474/2024,,Nauczyciel współorganizujący kształcenie uczniów z niepełnosprawnościami,Łomża,2024-08-08,2024-08-16
20,2062,ID: 74469/2024,,Nauczyciel współorganizujący kształcenie uczniów z niepełnosprawnościami,Łomża,2024-08-08,2024-08-16
20,2062,ID: 74182/2024,,Surdopedagog,Łomża,2024-08-07,2024-08-23
20,2062,ID: 73376/2024,Przedmioty i zajęcia ogólnokształcące,Nauczyciel fizyki,Łomża,2024-08-06,2024-08-31
20,2062,ID: 73352/2024,Zawodowe,nauczyciel przed. zawodowych praktycznych - technik logistyk,Łomża,2024-08-06,2024-08-22
20,2062,ID: 71398/2024,,Oligofrenopedagog,Łomża,2024-08-04,2024-08-12
20,2062,ID: 71395/2024,,Oligofrenopedagog,Łomża,2024-08-04,2024-08-12
20,2062,ID: 71039/2024,,Pedagog,Łomża,2024-08-02,2024-08-19
20,2062,ID: 70993/2024,,Psycholog,Łomża,2024-08-02,2024-08-29
20,2062,ID: 68038/2024,,Pedagog,Łomża,2024-07-29,2024-08-16
20,2062,ID: 68019/2024,,Nauczyciel współorganizujący kształcenie uczniów z niepełnosprawnościami,Łomża,2024-07-29,2024-08-16
20,2062,ID: 36232/2024,Przedmioty i zajęcia ogólnokształcące,Nauczyciel WOS-u,Łomża,2024-06-03,2024-08-29
20,2062,ID: 36228/2024,Przedmioty i zajęcia ogólnokształcące,Nauczyciel języka polskiego,Łomża,2024-06-03,2024-08-30
20,2062,ID: 01814/2024,Przedmioty i zajęcia ogólnokształcące,nauczyciel edukacji dla bezpieczeństwa,Łomża,2024-01-04,2024-08-29
20,2062,ID: 01799/2024,Przedmioty i zajęcia ogólnokształcące,nauczyciel biologii,Łomża,2024-01-04,2024-08-29
20,2062,ID: 01796/2024,Przedmioty i zajęcia ogólnokształcące,nauczyciel geografii,Łomża,2024-01-04,2024-08-30
20,2004,ID: 76139/2024,,Nauczyciel współorganizujący kształcenie uczniów z niepełnosprawnościami,Szczuczyn,2024-08-12,2024-08-22
20,2004,ID: 76042/2024,,Pedagog specjalny,Sulewo-Kownaty,2024-08-12,2024-08-12
20,2004,ID: 75979/2024,Przedmioty i zajęcia ogólnokształcące,Nauczyciel języka angielskiego,Sulewo-Kownaty,2024-08-12,2024-08-12
20,2004,ID: 73982/2024,,Pedagog,Szczuczyn,2024-08-07,2024-08-26
20,2004,ID: 73971/2024,,Pedagog specjalny,Szczuczyn,2024-08-07,2024-08-26
20,2004,ID: 72984/2024,Przedmioty i zajęcia ogólnokształcące,Nauczyciel matematyki,Grajewo,2024-08-06,2024-08-23
20,2004,ID: 72932/2024,Przedmioty i zajęcia ogólnokształcące,Nauczyciel wychowania przedszkolnego,Grajewo,2024-08-06,2024-08-23
20,2004,ID: 72929/2024,,Psycholog,Grajewo,2024-08-06,2024-08-23
20,2004,ID: 69630/2024,Przedmioty i zajęcia ogólnokształcące,Nauczyciel edukacji wczesnoszkolnej,Rydzewo,2024-07-31,2024-08-19
20,2004,ID: 69618/2024,Przedmioty i zajęcia ogólnokształcące,Nauczyciel edukacji przedszkolnej,Rydzewo,2024-07-31,2024-08-19
20,2004,ID: 69578/2024,,Psycholog,Rydzewo,2024-07-31,2024-08-23
20,2004,ID: 64767/2024,Przedmioty i zajęcia ogólnokształcące,Nauczyciel matematyki,Grajewo,2024-07-22,2024-08-31
20,2004,ID: 63922/2024,Przedmioty i zajęcia ogólnokształcące,nauczyciel chemii,Grajewo,2024-07-19,2024-08-14
20,2004,ID: 62314/2024,,Psycholog,Rajgród,2024-07-16,2024-08-15
20,2004,ID: 61144/2024,,Nauczyciel współorganizujący kształcenie uczniów z niepełnosprawnościami,Klimaszewnica,2024-07-12,2024-08-18
20,2004,ID: 61143/2024,Przedmioty i zajęcia ogólnokształcące,nauczyciel plastyki,Klimaszewnica,2024-07-12,2024-08-18
20,2004,ID: 61142/2024,Przedmioty i zajęcia ogólnokształcące,nauczyciel techniki,Klimaszewnica,2024-07-12,2024-08-18
20,2004,ID: 61141/2024,,Pedagog specjalny,Klimaszewnica,2024-07-12,2024-08-19
20,2004,ID: 61140/2024,,Psycholog,Klimaszewnica,2024-07-12,2024-08-19
20,2004,ID: 61139/2024,Przedmioty i zajęcia ogólnokształcące,nauczyciel edukacji wczesnoszkolnej,Klimaszewnica,2024-07-12,2024-08-18
20,2004,ID: 61135/2024,Przedmioty i zajęcia ogólnokształcące,nauczyciel informatyki,Klimaszewnica,2024-07-12,2024-08-18
20,2004,ID: 61133/2024,Przedmioty i zajęcia ogólnokształcące,nauczyciel fizyki,Klimaszewnica,2024-07-12,2024-08-19
20,2004,ID: 61132/2024,Przedmioty i zajęcia ogólnokształcące,nauczyciel chemii,Klimaszewnica,2024-07-12,2024-08-19
20,2004,ID: 61131/2024,Przedmioty i zajęcia ogólnokształcące,nauczyciel matematyki,Klimaszewnica,2024-07-12,2024-08-19
20,2004,ID: 53393/2024,,Nauczyciel współorganizujący kształcenie uczniów z niepełnosprawnościami,Klimaszewnica,2024-07-02,2024-08-12
20,2004,ID: 51505/2024,Przedmioty i zajęcia ogólnokształcące,nauczyciel języka angielskiego,Słucz,2024-07-01,2024-08-22
20,2004,ID: 46208/2024,Przedmioty i zajęcia ogólnokształcące,nauczyciel wychowania fizycznego,Słucz,2024-06-24,2024-08-22
20,2004,ID: 46195/2024,Przedmioty i zajęcia ogólnokształcące,nauczyciel edukacji wczesnoszkolnej,Słucz,2024-06-24,2024-08-23
20,2004,ID: 46186/2024,Przedmioty i zajęcia ogólnokształcące,nauczyciel języka polskiego,Słucz,2024-06-24,2024-08-23
20,2004,ID: 45479/2024,Przedmioty i zajęcia ogólnokształcące,Nauczyciel gimnastyki korekcyjno - kompensacyjnej,Wąsosz,2024-06-21,2024-08-22
20,2004,ID: 45473/2024,Przedmioty i zajęcia ogólnokształcące,Nauczyciel języka rosyjskiego,Wąsosz,2024-06-21,2024-08-22
20,2004,ID: 45469/2024,Przedmioty i zajęcia ogólnokształcące,Nauczyciel fizyki,Wąsosz,2024-06-21,2024-08-22
20,2004,ID: 41292/2024,Przedmioty i zajęcia ogólnokształcące,Nauczyciel wiedzy o społeczeństwie,Białaszewo,2024-06-11,2024-08-16
20,2004,ID: 41287/2024,Przedmioty i zajęcia ogólnokształcące,Nauczyciel religii,Białaszewo,2024-06-11,2024-08-15
20,2004,ID: 41241/2024,Przedmioty i zajęcia ogólnokształcące,Nauczyciel fizyki,Białaszewo,2024-06-11,2024-08-15
20,2013,ID: 75662/2024,Przedmioty i zajęcia ogólnokształcące,Nauczyciel wychowania przedszkolnego,Nowe Piekuty,2024-08-09,2024-08-17
20,2013,ID: 75658/2024,Przedmioty i zajęcia ogólnokształcące,Nauczyciel edukacji wczesnoszkolnej.,Nowe Piekuty,2024-08-09,2024-08-18
20,2013,ID: 69943/2024,Przedmioty i zajęcia ogólnokształcące,nauczyciel języka niemieckiego,Wysokie Mazowieckie,2024-08-01,2024-08-15
20,2013,ID: 68264/2024,Zawodowe,Nauczyciel przedmiotów zawodowych w technikum weterynaryjnym,Krzyżewo,2024-07-29,2024-08-29
20,2013,ID: 66955/2024,,Nauczyciel współorganizujący kształcenie uczniów z niepełnosprawnościami,Wyszonki Kościelne,2024-07-25,2024-08-19
20,2013,ID: 66702/2024,Przedmioty i zajęcia ogólnokształcące,Nauczyciel edukacji dla bezpieczeństwa,Rosochate Kościelne,2024-07-25,2024-08-19
20,2013,ID: 62910/2024,,Logopeda,Rosochate Kościelne,2024-07-17,2024-08-22
20,2013,ID: 62902/2024,,Psycholog,Rosochate Kościelne,2024-07-17,2024-08-23
20,2013,ID: 58971/2024,,Psycholog,Krzyżewo,2024-07-09,2024-08-29
20,2013,ID: 57084/2024,Przedmioty i zajęcia ogólnokształcące,Nauczyciel języka polskiego,Ciechanowiec,2024-07-07,2024-08-23
20,2013,ID: 56517/2024,,Oligofrenopedagog,Łempice,2024-07-05,2024-08-15
20,2013,ID: 56486/2024,Przedmioty i zajęcia ogólnokształcące,Nauczyciel chemii,Łempice,2024-07-05,2024-08-15
20,2013,ID: 56409/2024,,Doradca zawodowy,Łempice,2024-07-05,2024-08-15
20,2013,ID: 56371/2024,Przedmioty i zajęcia ogólnokształcące,nauczyciel plastyki,Łempice,2024-07-05,2024-08-15
20,2013,ID: 56355/2024,Przedmioty i zajęcia ogólnokształcące,nauczyciel techniki,Łempice,2024-07-05,2024-08-15
20,2013,ID: 56325/2024,Przedmioty i zajęcia ogólnokształcące,Nauczyciel wychowania do życia w rodzinie,Łempice,2024-07-05,2024-08-16
20,2013,ID: 55768/2024,Przedmioty i zajęcia ogólnokształcące,Nauczyciel geografii,Łempice,2024-07-04,2024-08-16
20,2013,ID: 55732/2024,,Logopeda,Łempice,2024-07-04,2024-08-15
20,2013,ID: 55709/2024,,Pedagog,Łempice,2024-07-04,2024-08-16
20,2013,ID: 54938/2024,,Pedagog specjalny,Łempice,2024-07-03,2024-08-15
20,2013,ID: 54937/2024,,Psycholog,Łempice,2024-07-03,2024-08-15
20,2013,ID: 53043/2024,Przedmioty i zajęcia ogólnokształcące,Nauczyciel edukacji przedszkolnej,Kuczyn,2024-07-02,2024-08-16
20,2013,ID: 52994/2024,,Psycholog,Kuczyn,2024-07-02,2024-08-15
20,2013,ID: 52978/2024,,Pedagog specjalny,Kuczyn,2024-07-02,2024-08-16
20,2013,ID: 45888/2024,,Psycholog,Kobylin-Borzymy,2024-06-24,2024-08-24
20,2013,ID: 45627/2024,,Pedagog,Wyszonki Kościelne,2024-06-22,2024-08-19
20,2013,ID: 45626/2024,,Pedagog specjalny,Wyszonki Kościelne,2024-06-22,2024-08-19
20,2013,ID: 45625/2024,,Psycholog,Wyszonki Kościelne,2024-06-22,2024-08-19
20,2013,ID: 45572/2024,,Psycholog,Dąbrowa Wielka,2024-06-21,2024-08-20
20,2013,ID: 45113/2024,,Nauczyciel współorganizujący kształcenie uczniów z niepełnosprawnościami,Wysokie Mazowieckie,2024-06-20,2024-08-14
20,2013,ID: 45101/2024,,Pedagog specjalny,Wysokie Mazowieckie,2024-06-20,2024-08-14
20,2013,ID: 45099/2024,,Psycholog,Wysokie Mazowieckie,2024-06-20,2024-08-14
20,2013,ID: 44268/2024,Przedmioty i zajęcia ogólnokształcące,nauczyciel języka niemieckiego,Kowalewszczyzna,2024-06-18,2024-08-19
20,2013,ID: 44264/2024,,Doradca zawodowy,Kowalewszczyzna,2024-06-18,2024-08-19
20,2013,ID: 44258/2024,Przedmioty i zajęcia ogólnokształcące,nauczyciel edukacji dla bezpieczeństwa,Kowalewszczyzna,2024-06-18,2024-08-19
20,2013,ID: 44245/2024,,Psycholog,Kowalewszczyzna,2024-06-18,2024-08-19
20,2013,ID: 44242/2024,,Bibliotekarz,Kowalewszczyzna,2024-06-18,2024-08-19
20,2013,ID: 44234/2024,Przedmioty i zajęcia ogólnokształcące,nauczyciel matematyki,Kowalewszczyzna,2024-06-18,2024-08-19
20,2013,ID: 44202/2024,Przedmioty i zajęcia ogólnokształcące,nauczyciel języka angielskiego,Kowalewszczyzna,2024-06-18,2024-08-19
20,2013,ID: 43306/2024,,Psycholog,Czyżew,2024-06-17,2024-08-30
20,2013,ID: 42117/2024,,Psycholog,Wysokie Mazowieckie,2024-06-13,2024-08-29
20,2013,ID: 42115/2024,,Pedagog specjalny,Wysokie Mazowieckie,2024-06-13,2024-08-30
20,2013,ID: 38217/2024,,Psycholog,Ciechanowiec,2024-06-05,2024-08-15
20,2013,ID: 33388/2024,Przedmioty i zajęcia ogólnokształcące,Prowadzący zajęcia rewalidacyjne,Czyżew,2024-05-24,2024-08-31
20,2013,ID: 31657/2024,,Pedagog specjalny,Czyżew,2024-05-20,2024-08-30
20,2013,ID: 31654/2024,,Psycholog,Czyżew,2024-05-20,2024-08-31
20,2013,ID: 30696/2024,Zawodowe,Nauczyciel przedmiotów zawodowych fryzjerskich,Ciechanowiec,2024-05-16,2024-08-16
20,2013,ID: 30684/2024,,Wychowawca w internacie,Ciechanowiec,2024-05-16,2024-08-15
20,2013,ID: 30669/2024,Przedmioty i zajęcia ogólnokształcące,Nauczyciel matematyki,Ciechanowiec,2024-05-16,2024-08-15
20,2013,ID: 30664/2024,,Psycholog,Ciechanowiec,2024-05-16,2024-08-15
20,2013,ID: 30628/2024,Przedmioty i zajęcia ogólnokształcące,Kierownik internatu,Ciechanowiec,2024-05-16,2024-08-16
20,2013,ID: 30602/2024,Przedmioty i zajęcia ogólnokształcące,Nauczyciel informatyki,Ciechanowiec,2024-05-16,2024-08-15
20,2013,ID: 30597/2024,Przedmioty i zajęcia ogólnokształcące,Nauczyciel fizyki,Ciechanowiec,2024-05-16,2024-08-16
20,2013,ID: 30593/2024,Przedmioty i zajęcia ogólnokształcące,Nauczyciel wychowania fizycznego,Ciechanowiec,2024-05-16,2024-08-15
20,2013,ID: 30577/2024,Przedmioty i zajęcia ogólnokształcące,Nauczyciel Chemii,Ciechanowiec,2024-05-16,2024-08-15
20,2013,ID: 30565/2024,Przedmioty i zajęcia ogólnokształcące,Nauczyciel historii,Ciechanowiec,2024-05-16,2024-08-16
20,2012,ID: 76473/2024,,Nauczyciel współorganizujący kształcenie uczniów z niepełnosprawnościami,Dowspuda,2024-08-12,2024-08-18
20,2012,ID: 73980/2024,Przedmioty i zajęcia ogólnokształcące,Nauczyciel edukacji dla bezpieczeństwa,Wiżajny,2024-08-07,2024-08-14
20,2012,ID: 73942/2024,Przedmioty i zajęcia ogólnokształcące,Nauczciel edukacji muzycznej,Wiżajny,2024-08-07,2024-08-14
20,2012,ID: 71272/2024,,Pedagog,Stary Folwark,2024-08-02,2024-08-17
20,2012,ID: 70560/2024,,Psycholog,Bakałarzewo,2024-08-01,2024-08-19
20,2012,ID: 70278/2024,Przedmioty i zajęcia ogólnokształcące,Nauczyciel Edukacji dla bezpieczeństwa,Bakałarzewo,2024-08-01,2024-08-19
20,2012,ID: 70267/2024,Przedmioty i zajęcia ogólnokształcące,Nauczyciel Muzyki,Bakałarzewo,2024-08-01,2024-08-20
20,2012,ID: 70200/2024,Przedmioty i zajęcia ogólnokształcące,Nauczyciel geografii,Jeleniewo,2024-08-01,2024-08-20
20,2012,ID: 69197/2024,Przedmioty i zajęcia ogólnokształcące,Nauczyciel geografii,Przebród,2024-07-31,2024-08-22
20,2012,ID: 69173/2024,Przedmioty i zajęcia ogólnokształcące,Nauczyciel biologii,Przebród,2024-07-31,2024-08-23
20,2012,ID: 67834/2024,Przedmioty i zajęcia ogólnokształcące,Nauczyciel informatyki,Przebród,2024-07-29,2024-08-22
20,2012,ID: 62347/2024,Przedmioty i zajęcia ogólnokształcące,zajęcia rewalidacyjne,Przerośl,2024-07-16,2024-08-15
20,2012,ID: 62336/2024,Przedmioty i zajęcia ogólnokształcące,zajęcia rewalidacyjne,Przerośl,2024-07-16,2024-08-15
20,2012,ID: 62329/2024,Przedmioty i zajęcia ogólnokształcące,psycholog szkolny,Przerośl,2024-07-16,2024-08-15
20,2012,ID: 62321/2024,Przedmioty i zajęcia ogólnokształcące,nauczyciel doradztwa zawodowego,Przerośl,2024-07-16,2024-08-15
20,2012,ID: 62315/2024,Przedmioty i zajęcia ogólnokształcące,pedagog szkolny,Przerośl,2024-07-16,2024-08-15
20,2012,ID: 62304/2024,Przedmioty i zajęcia ogólnokształcące,nauczyciel chemii,Przerośl,2024-07-16,2024-08-16
20,2012,ID: 62094/2024,Przedmioty i zajęcia ogólnokształcące,nauczyciel j. niemieckiego,Rutka-Tartak,2024-07-16,2024-08-29
20,2012,ID: 62083/2024,Przedmioty i zajęcia ogólnokształcące,nauczyciel geografii,Rutka-Tartak,2024-07-16,2024-08-30
20,2012,ID: 60348/2024,Przedmioty i zajęcia ogólnokształcące,nauczyciel wychowania przedszkolnego,Rutka-Tartak,2024-07-11,2024-08-29
20,2012,ID: 60310/2024,Przedmioty i zajęcia ogólnokształcące,nauczyciel współorganizujący,Rutka-Tartak,2024-07-11,2024-08-30
20,2012,ID: 51520/2024,,Doradca zawodowy,Wiżajny,2024-07-01,2024-08-14
20,2012,ID: 51492/2024,,Oligofrenopedagog,Wiżajny,2024-07-01,2024-08-14
20,2012,ID: 31651/2024,,Psycholog,Ziółkowo,2024-05-20,2024-08-14
20,2012,ID: 31639/2024,Przedmioty i zajęcia ogólnokształcące,Nauczyciel muzyki,Ziółkowo,2024-05-20,2024-08-14
20,2012,ID: 31634/2024,Przedmioty i zajęcia ogólnokształcące,Nauczyciel Edukacji dla bezpieczeństwa,Ziółkowo,2024-05-20,2024-08-14
20,2012,ID: 31627/2024,Przedmioty i zajęcia ogólnokształcące,Wiedza o społeczeństwie,Ziółkowo,2024-05-20,2024-08-15
20,2012,ID: 31283/2024,Przedmioty i zajęcia ogólnokształcące,Nauczyciel wychowania fizycznego,Ziółkowo,2024-05-17,2024-08-19
20,2012,ID: 31276/2024,Przedmioty i zajęcia ogólnokształcące,Nauczyciel wychowania do życia w rodzinie,Ziółkowo,2024-05-17,2024-08-14
20,2012,ID: 31271/2024,,Doradca zawodowy,Ziółkowo,2024-05-17,2024-08-15
20,2012,ID: 31257/2024,Przedmioty i zajęcia ogólnokształcące,Nauczyciel fizyki,Ziółkowo,2024-05-17,2024-08-14
20,2012,ID: 31244/2024,Przedmioty i zajęcia ogólnokształcące,Nauczyciel języka polskiego,Ziółkowo,2024-05-17,2024-08-15
20,2008,ID: 76909/2024,Przedmioty i zajęcia ogólnokształcące,nauczyciel języka niemieckiego,Mońki,2024-08-12,2024-08-24
20,2008,ID: 76907/2024,Przedmioty i zajęcia ogólnokształcące,nauczyciel języka rosyjskiego,Mońki,2024-08-12,2024-08-24
20,2008,ID: 76894/2024,Przedmioty i zajęcia ogólnokształcące,nauczyciel języka angielskiego,Mońki,2024-08-12,2024-08-25
20,2008,ID: 75240/2024,Przedmioty i zajęcia ogólnokształcące,Nauczyciel wiedzy o społeczeństwie,Trzcianne,2024-08-09,2024-08-15
20,2008,ID: 75233/2024,Przedmioty i zajęcia ogólnokształcące,nauczyciel geografii,Trzcianne,2024-08-09,2024-08-15
20,2008,ID: 72343/2024,Przedmioty i zajęcia ogólnokształcące,Nauczyciel języka angielskiego,Trzcianne,2024-08-05,2024-08-13
20,2008,ID: 68456/2024,,Psycholog,Trzcianne,2024-07-30,2024-08-11
20,2008,ID: 68096/2024,Przedmioty i zajęcia ogólnokształcące,nauczyciel języka angielskiego,Mońki,2024-07-29,2024-08-31
20,2008,ID: 59154/2024,,Specjalista,Mońki,2024-07-10,2024-08-28
20,2008,ID: 48768/2024,,Psycholog,Laskowiec,2024-06-26,2024-08-23
20,2008,ID: 48766/2024,Przedmioty i zajęcia ogólnokształcące,Nauczyciel,Laskowiec,2024-06-26,2024-08-22
20,2002,ID: 76472/2024,Przedmioty i zajęcia ogólnokształcące,"nauczyciel oddziału przedszkolnego (,,zerówka"")",Wasilków,2024-08-12,2024-08-19
20,2002,ID: 76322/2024,Przedmioty i zajęcia ogólnokształcące,Nauczyciel wychowania przedszkolnego,Tykocin,2024-08-12,2024-08-16
20,2002,ID: 75936/2024,Przedmioty i zajęcia ogólnokształcące,nauczyciel edukacji wczesnoszkolnej,Sobolewo,2024-08-12,2024-08-19
20,2002,ID: 75409/2024,,Tyflopedagog,Suraż,2024-08-09,2024-08-25
20,2002,ID: 74189/2024,,Pedagog,Łapy,2024-08-07,2024-08-20
20,2002,ID: 74161/2024,,Pedagog resocjalizacyjny,Łapy,2024-08-07,2024-08-16
20,2002,ID: 74146/2024,Przedmioty i zajęcia ogólnokształcące,Nauczyciel języka angielskiego,Łapy,2024-08-07,2024-08-23
20,2002,ID: 73429/2024,,Psycholog,Kleosin,2024-08-06,2024-08-23
20,2002,ID: 73168/2024,,Psycholog,Radule,2024-08-06,2024-08-12
20,2002,ID: 72731/2024,Przedmioty i zajęcia ogólnokształcące,nauczyciel języka polskiego,Czarna Białostocka,2024-08-06,2024-08-26
20,2002,ID: 71250/2024,,Psycholog,Czarna Białostocka,2024-08-02,2024-08-15
20,2002,ID: 71059/2024,Przedmioty i zajęcia ogólnokształcące,Nauczyciel wychowania przedszkolnego,Czarna Białostocka,2024-08-02,2024-09-30
20,2002,ID: 70947/2024,Przedmioty i zajęcia ogólnokształcące,Nauczyciel wychowania przedszkolnego,Czarna Białostocka,2024-08-02,2024-08-16
20,2002,ID: 70799/2024,Przedmioty i zajęcia ogólnokształcące,Nauczyciel wychowania przedszkolnego,Czarna Białostocka,2024-08-02,2024-08-16
20,2002,ID: 70726/2024,Przedmioty i zajęcia ogólnokształcące,Nauczyciel historii,Fasty,2024-08-02,2024-08-18
20,2002,ID: 70683/2024,,Nauczyciel współorganizujący kształcenie uczniów z niepełnosprawnościami,Fasty,2024-08-02,2024-08-18
20,2002,ID: 69269/2024,Przedmioty i zajęcia ogólnokształcące,Nauczyciel geografii,Fasty,2024-07-31,2024-08-19
20,2002,ID: 69265/2024,Przedmioty i zajęcia ogólnokształcące,Nauczyciel edukacji dla bezpieczeństwa,Fasty,2024-07-31,2024-08-19
20,2002,ID: 69099/2024,Przedmioty i zajęcia ogólnokształcące,Nauczyciel matematyki,Czarna Białostocka,2024-07-31,2024-08-30
20,2002,ID: 69092/2024,Zawodowe,Nauczyciel informatyki i teoretycznych przedmiotów zawodowych,Czarna Białostocka,2024-07-31,2024-08-30
20,2002,ID: 68687/2024,Przedmioty i zajęcia ogólnokształcące,nauczyciel wychowania przedszkolnego,Supraśl,2024-07-30,2024-08-21
20,2002,ID: 67994/2024,Przedmioty i zajęcia ogólnokształcące,Nauczyciel biologii,Czarna Białostocka,2024-07-29,2024-08-31
20,2002,ID: 66235/2024,Przedmioty i zajęcia ogólnokształcące,psycholog,Sobolewo,2024-07-24,2024-08-12
20,2002,ID: 64831/2024,Przedmioty i zajęcia ogólnokształcące,Nauczyciel języka angielskiego,Juchnowiec Górny,2024-07-22,2024-08-15
20,2002,ID: 63292/2024,Przedmioty i zajęcia ogólnokształcące,Nauczyciel wychowania przedszkolnego,Wasilków,2024-07-17,2024-08-30
20,2002,ID: 63055/2024,,Pedagog,Obrubniki,2024-07-17,2024-08-15
20,2002,ID: 63043/2024,,Nauczyciel współorganizujący kształcenie uczniów z niepełnosprawnościami,Obrubniki,2024-07-17,2024-08-15
20,2002,ID: 61690/2024,Przedmioty i zajęcia ogólnokształcące,nauczyciel języka polskiego,Choroszcz,2024-07-15,2024-08-20
20,2002,ID: 59152/2024,,Psycholog,Łapy,2024-07-10,2024-08-15
20,2002,ID: 58645/2024,,Nauczyciel współorganizujący kształcenie uczniów z niepełnosprawnościami,Juchnowiec Górny,2024-07-09,2024-08-14
20,2002,ID: 58470/2024,Przedmioty i zajęcia ogólnokształcące,nauczyciel informatyki,Wasilków,2024-07-09,2024-08-24
20,2002,ID: 58468/2024,Przedmioty i zajęcia ogólnokształcące,nauczyciel matematyki,Wasilków,2024-07-09,2024-08-24
20,2002,ID: 58464/2024,Przedmioty i zajęcia ogólnokształcące,nauczyciel historii,Wasilków,2024-07-09,2024-08-24
20,2002,ID: 58460/2024,Przedmioty i zajęcia ogólnokształcące,nauczyciel języka angielskiego,Wasilków,2024-07-09,2024-08-24
20,2002,ID: 58454/2024,Przedmioty i zajęcia ogólnokształcące,nauczyciel języka polskiego,Wasilków,2024-07-09,2024-08-24
20,2002,ID: 58449/2024,Przedmioty i zajęcia ogólnokształcące,nauczyciel EDB,Wasilków,2024-07-09,2024-08-24
20,2002,ID: 58447/2024,Przedmioty i zajęcia ogólnokształcące,nauczyciel informatyki,Wasilków,2024-07-09,2024-08-24
20,2002,ID: 58436/2024,Przedmioty i zajęcia ogólnokształcące,nauczyciel fizyki,Wasilków,2024-07-09,2024-08-24
20,2002,ID: 58433/2024,Przedmioty i zajęcia ogólnokształcące,nauczyciel chemii,Wasilków,2024-07-09,2024-08-24
20,2002,ID: 58427/2024,Przedmioty i zajęcia ogólnokształcące,nauczyciel WOS,Wasilków,2024-07-09,2024-08-24
20,2002,ID: 58425/2024,Przedmioty i zajęcia ogólnokształcące,nauczyciel historii,Wasilków,2024-07-09,2024-08-24
20,2002,ID: 58419/2024,Przedmioty i zajęcia ogólnokształcące,nauczyciel języka angielskiego,Wasilków,2024-07-09,2024-08-24
20,2002,ID: 58413/2024,Przedmioty i zajęcia ogólnokształcące,nauczyciel języka polskiego,Wasilków,2024-07-09,2024-08-25
20,2002,ID: 56294/2024,,Nauczyciel współorganizujący kształcenie uczniów z niepełnosprawnościami,Tykocin,2024-07-05,2024-08-22
20,2002,ID: 55226/2024,Przedmioty i zajęcia ogólnokształcące,nauczyciel wychowania przedszkolnego,Wasilków,2024-07-04,2024-08-23
20,2002,ID: 47461/2024,,Psycholog,Niewodnica Kościelna,2024-06-25,2024-08-30
20,2002,ID: 45561/2024,Przedmioty i zajęcia ogólnokształcące,Nauczyciel języka angielskiego,Grabówka,2024-06-21,2024-08-31
20,2002,ID: 43997/2024,Przedmioty i zajęcia ogólnokształcące,nauczyciel historii i WOS,Radule,2024-06-18,2024-08-13
20,2002,ID: 42834/2024,Przedmioty i zajęcia ogólnokształcące,Nauczyciel edukacji przedszkolnej,Wasilków,2024-06-14,2024-08-14
20,2002,ID: 42816/2024,Przedmioty i zajęcia ogólnokształcące,Nauczyciel edukacji przedszkolnej,Wasilków,2024-06-14,2024-08-14
20,2002,ID: 41732/2024,Przedmioty i zajęcia ogólnokształcące,psycholog,Gródek,2024-06-12,2024-08-30
20,2002,ID: 41541/2024,,Psycholog,Barszczewo,2024-06-12,2024-08-15
20,2002,ID: 33503/2024,,Psycholog,Turośń Dolna,2024-05-24,2024-08-13
20,2002,ID: 33484/2024,Przedmioty i zajęcia ogólnokształcące,nauczyciel muzyki,Turośń Dolna,2024-05-24,2024-08-13
20,2002,ID: 33476/2024,Przedmioty i zajęcia ogólnokształcące,nauczyciel techniki,Turośń Dolna,2024-05-24,2024-08-13
20,2002,ID: 33470/2024,Przedmioty i zajęcia ogólnokształcące,nauczyciel edukacji dla bezpieczeństwa,Turośń Dolna,2024-05-24,2024-08-13
20,2002,ID: 33459/2024,Przedmioty i zajęcia ogólnokształcące,nauczyciel historii,Turośń Dolna,2024-05-24,2024-08-13
20,2002,ID: 25494/2024,Przedmioty i zajęcia ogólnokształcące,Nauczyciel języka polskiego,Załuki,2024-04-26,2024-08-29
20,2002,ID: 25490/2024,Przedmioty i zajęcia ogólnokształcące,Nauczyciel języka angielskiego,Załuki,2024-04-26,2024-08-29
20,2002,ID: 22156/2024,Przedmioty i zajęcia ogólnokształcące,Nauczyciel fizyki,Załuki,2024-04-16,2024-08-29
20,2002,ID: 22152/2024,Przedmioty i zajęcia ogólnokształcące,Nauczyciel matematyki,Załuki,2024-04-16,2024-08-30
20,2002,ID: 00786/2023,Przedmioty i zajęcia ogólnokształcące,nauczyciel wychowania przedszkolnego,Obrubniki,2023-12-27,2024-08-23
20,2002,ID: 00785/2023,,Psycholog,Obrubniki,2023-12-27,2024-08-30
20,2010,ID: 76257/2024,,Psycholog,Dziadkowice,2024-08-12,2024-08-22
20,2010,ID: 76218/2024,Przedmioty i zajęcia ogólnokształcące,Nauczyciel muzyki,Dziadkowice,2024-08-12,2024-08-23
20,2010,ID: 75350/2024,Przedmioty i zajęcia ogólnokształcące,Nauczyciel plastyki,Dziadkowice,2024-08-09,2024-08-22
20,2010,ID: 74832/2024,Przedmioty i zajęcia ogólnokształcące,Nauczyciel matematyki,Siemiatycze,2024-08-08,2024-08-19
20,2010,ID: 73255/2024,,Pedagog specjalny,Nurzec-Stacja,2024-08-06,2024-08-22
20,2010,ID: 73238/2024,,Psycholog,Nurzec-Stacja,2024-08-06,2024-08-22
20,2010,ID: 73048/2024,Przedmioty i zajęcia ogólnokształcące,nauczyciel języka rosyjskiego,Drohiczyn,2024-08-06,2024-08-30
20,2010,ID: 73003/2024,,Surdopedagog,Drohiczyn,2024-08-06,2024-08-30
20,2010,ID: 72999/2024,Przedmioty i zajęcia ogólnokształcące,nauczyciel edukacji wczesnoszkolnej,Drohiczyn,2024-08-06,2024-08-30
20,2010,ID: 72993/2024,Przedmioty i zajęcia ogólnokształcące,nauczyciel w oddziale przedszkolnym,Drohiczyn,2024-08-06,2024-08-30
20,2010,ID: 72989/2024,Przedmioty i zajęcia ogólnokształcące,nauczyciel matematyki,Drohiczyn,2024-08-06,2024-08-30
20,2010,ID: 72981/2024,,Psycholog,Drohiczyn,2024-08-06,2024-08-30
20,2010,ID: 72109/2024,Przedmioty i zajęcia ogólnokształcące,wychowanie przedszkolne,Grodzisk,2024-08-05,2024-08-16
20,2010,ID: 68635/2024,,Bibliotekarz,Perlejewo,2024-07-30,2024-08-19
20,2010,ID: 66582/2024,,Psycholog,Milejczyce,2024-07-25,2024-08-16
20,2010,ID: 65287/2024,Przedmioty i zajęcia ogólnokształcące,nauczyciel matematyki,Milejczyce,2024-07-23,2024-08-12
20,2010,ID: 64552/2024,,Psycholog,Perlejewo,2024-07-22,2024-08-30
20,2010,ID: 58148/2024,,Psycholog,Siemiatycze,2024-07-08,2024-08-17
20,2010,ID: 58146/2024,,Logopeda,Siemiatycze,2024-07-08,2024-08-18
20,2010,ID: 57095/2024,Zawodowe,Nauczyciel zajęć teoretycznych przygotowania wojskowego.,Siemiatycze,2024-07-07,2024-08-16
20,2010,ID: 57094/2024,,Psycholog,Siemiatycze,2024-07-07,2024-08-16
20,2010,ID: 57093/2024,Przedmioty i zajęcia ogólnokształcące,Nauczyciel języka łacińskiego,Siemiatycze,2024-07-07,2024-08-15
20,2010,ID: 57092/2024,Przedmioty i zajęcia ogólnokształcące,Nauczyciel edukacji dla bezpieczeństwa,Siemiatycze,2024-07-07,2024-08-15
20,2010,ID: 51846/2024,Przedmioty i zajęcia ogólnokształcące,nauczyciel fizyki,Ostrożany,2024-07-01,2024-08-25
20,2010,ID: 40517/2024,Przedmioty i zajęcia ogólnokształcące,Nauczyciel informatyki,Siemiatycze,2024-06-10,2024-08-19
20,2010,ID: 40511/2024,Przedmioty i zajęcia ogólnokształcące,Nauczyciel Edukacja dla bezpieczeństwa,Siemiatycze,2024-06-10,2024-08-19
20,2010,ID: 40504/2024,Przedmioty i zajęcia ogólnokształcące,Nauczyciel języka angielskiego,Siemiatycze,2024-06-10,2024-08-19
20,2010,ID: 36765/2024,Zawodowe,nauczyciel mechanizacji rolnictwa,Ostrożany,2024-06-03,2024-08-31
20,2010,ID: 27426/2024,,Pedagog,Siemiatycze,2024-05-07,2024-08-20
20,2001,ID: 71402/2024,Przedmioty i zajęcia ogólnokształcące,nauczyciel matematyki,Augustów,2024-08-04,2024-08-13
20,2001,ID: 71165/2024,,Pedagog specjalny,Kroszewo,2024-08-02,2024-08-25
20,2001,ID: 70946/2024,,Wychowawca w świetlicy szkolnej,Augustów,2024-08-02,2024-08-13
20,2001,ID: 68732/2024,,Pedagog,Kroszewo,2024-07-30,2024-08-19
20,2001,ID: 68709/2024,,Psycholog,Kroszewo,2024-07-30,2024-08-18
20,2001,ID: 68702/2024,Przedmioty i zajęcia ogólnokształcące,nauczyciel techniki,Kroszewo,2024-07-30,2024-08-18
20,2001,ID: 68692/2024,Przedmioty i zajęcia ogólnokształcące,nauczyciel wychowania przedszkolnego,Kroszewo,2024-07-30,2024-08-19
20,2003,ID: 76072/2024,,Psycholog,Łubin Kościelny,2024-08-12,2024-08-25
20,2003,ID: 76060/2024,Przedmioty i zajęcia ogólnokształcące,nauczyciel jęz. angielskiego,Łubin Kościelny,2024-08-12,2024-08-25
20,2003,ID: 76045/2024,Przedmioty i zajęcia ogólnokształcące,nauczyciel języka polskiego,Łubin Kościelny,2024-08-12,2024-08-26
20,2003,ID: 75061/2024,Przedmioty i zajęcia ogólnokształcące,psycholog,Brańsk,2024-08-08,2024-08-22
20,2003,ID: 74736/2024,Zawodowe,Nauczyciel praktycznej nauki zawodu,Bielsk Podlaski,2024-08-08,2024-08-29
20,2003,ID: 74685/2024,,Psycholog,Bielsk Podlaski,2024-08-08,2024-08-30
20,2003,ID: 74556/2024,,Surdopedagog,Bielsk Podlaski,2024-08-08,2024-08-21
20,2003,ID: 73869/2024,Przedmioty i zajęcia ogólnokształcące,nauczyciel języka niemieckiego,Brańsk,2024-08-07,2024-08-23
20,2003,ID: 73672/2024,,Wychowawca w świetlicy szkolnej,Bielsk Podlaski,2024-08-07,2024-08-19
20,2003,ID: 70725/2024,,Psycholog,Wyszki,2024-08-02,2024-08-16
20,2003,ID: 69391/2024,,Psycholog,Rudka,2024-07-31,2024-08-13
20,2003,ID: 69373/2024,,Nauczyciel współorganizujący kształcenie uczniów z niepełnosprawnościami,Rudka,2024-07-31,2024-08-13
20,2003,ID: 68866/2024,,Terapeuta pedagogiczny,Łubin Kościelny,2024-07-30,2024-08-16
20,2003,ID: 68861/2024,,Doradca zawodowy,Łubin Kościelny,2024-07-30,2024-08-15
20,2003,ID: 66597/2024,Przedmioty i zajęcia ogólnokształcące,wychowawca w przedszkolu,Topczewo,2024-07-25,2024-08-16
20,2003,ID: 66526/2024,Przedmioty i zajęcia ogólnokształcące,Nauczyciel języka polskiego,Bielsk Podlaski,2024-07-25,2024-08-30
20,2003,ID: 66505/2024,Przedmioty i zajęcia ogólnokształcące,Logopeda,Andryjanki,2024-07-25,2024-08-16
20,2003,ID: 66456/2024,Przedmioty i zajęcia ogólnokształcące,Psycholog,Andryjanki,2024-07-25,2024-08-16
20,2003,ID: 66102/2024,Przedmioty i zajęcia ogólnokształcące,Nauczyciel matematyki,Andryjanki,2024-07-24,2024-08-16
20,2003,ID: 66048/2024,Przedmioty i zajęcia ogólnokształcące,Nauczyciel geografii,Bielsk Podlaski,2024-07-24,2024-08-31
20,2003,ID: 63300/2024,Przedmioty i zajęcia ogólnokształcące,Nauczyciel Edukacja dla bezpieczeństwa,Bielsk Podlaski,2024-07-17,2024-08-17
20,2003,ID: 56410/2024,,Psycholog,Chojewo,2024-07-05,2024-08-30
20,2003,ID: 50359/2024,Przedmioty i zajęcia ogólnokształcące,Nauczyciel doradztwa zawodowego,Bielsk Podlaski,2024-06-28,2024-08-15
20,2003,ID: 44695/2024,Zawodowe,Nauczyciel przedmiotów zawodowych rolniczych,Bielsk Podlaski,2024-06-19,2024-08-17
20,2003,ID: 43936/2024,Zawodowe,Nauczyciel przedmiotów zawodowych ekonomicznych,Bielsk Podlaski,2024-06-18,2024-08-17
20,2003,ID: 43783/2024,Przedmioty i zajęcia ogólnokształcące,Nauczyciel matematyki,Bielsk Podlaski,2024-06-18,2024-08-18
20,2003,ID: 42020/2024,,Logopeda,Bielsk Podlaski,2024-06-13,2024-08-25
20,2003,ID: 41043/2024,Przedmioty i zajęcia ogólnokształcące,Nauczyciel Edukacji dla bezpieczeństwa,Bielsk Podlaski,2024-06-11,2024-08-27
20,2003,ID: 40959/2024,,Tyflopedagog,Bielsk Podlaski,2024-06-11,2024-08-28
20,2003,ID: 40954/2024,,Psycholog,Bielsk Podlaski,2024-06-11,2024-08-28
20,2003,ID: 35349/2024,,Psycholog,Domanowo,2024-05-29,2024-08-30
20,2003,ID: 34637/2024,Zawodowe,nauczyciel przedmiotów zawodowych logistycznych,Bielsk Podlaski,2024-05-28,2024-08-23
20,2003,ID: 29807/2024,,Pedagog,Bielsk Podlaski,2024-05-14,2024-08-16
20,2003,ID: 18923/2024,Zawodowe,nauczyciel przedmiotów informatycznych zawodowych,Bielsk Podlaski,2024-04-05,2024-08-23
20,2063,ID: 75100/2024,,Bibliotekarz,Suwałki,2024-08-09,2024-08-18
20,2063,ID: 73421/2024,Przedmioty i zajęcia ogólnokształcące,Nauczyciel chemii,Suwałki,2024-08-06,2024-08-31
20,2063,ID: 72836/2024,Przedmioty i zajęcia ogólnokształcące,Nauczyciel chemii,Suwałki,2024-08-06,2024-08-15
20,2063,ID: 72835/2024,Przedmioty i zajęcia ogólnokształcące,Nauczyciel biologii,Suwałki,2024-08-06,2024-08-16
20,2063,ID: 67119/2024,Przedmioty i zajęcia ogólnokształcące,Nauczyciel Religii,Suwałki,2024-07-26,2024-08-30
20,2063,ID: 67094/2024,Przedmioty i zajęcia ogólnokształcące,Nauczyciel matematyki,Suwałki,2024-07-26,2024-08-25
20,2063,ID: 67057/2024,Zawodowe,Nauczyciel przedmiotów zawodowych branży poligraficznej,Suwałki,2024-07-26,2024-08-15
20,2063,ID: 66754/2024,,Pedagog,Suwałki,2024-07-25,2024-08-13
20,2063,ID: 65568/2024,Przedmioty i zajęcia ogólnokształcące,nauczyciel języka polskiego,Suwałki,2024-07-24,2024-08-14
20,2063,ID: 65566/2024,,Nauczyciel współorganizujący kształcenie uczniów z niepełnosprawnościami,Suwałki,2024-07-24,2024-08-13
20,2063,ID: 48279/2024,,Psycholog,Suwałki,2024-06-26,2024-08-31
20,2063,ID: 41309/2024,Przedmioty i zajęcia ogólnokształcące,nauczyciel chemii,Suwałki,2024-06-11,2024-08-30
20,2063,ID: 41285/2024,Przedmioty i zajęcia ogólnokształcące,nauczyciel biologii,Suwałki,2024-06-11,2024-08-30
20,2063,ID: 41266/2024,,Konserwator,Suwałki,2024-06-11,2024-08-31
20,2011,ID: 76981/2024,,Tyflopedagog,Sokółka,2024-08-12,2024-08-29
20,2011,ID: 76974/2024,,Pedagog specjalny,Sokółka,2024-08-12,2024-08-30
20,2011,ID: 76886/2024,Przedmioty i zajęcia ogólnokształcące,nauczyciel psycholog,Sokółka,2024-08-12,2024-09-30
20,2011,ID: 74895/2024,Zawodowe,Nauczyciel przedmiotów zawodowych,Sokółka,2024-08-08,2024-08-27
20,2011,ID: 74874/2024,Zawodowe,Nauczyciel zawodowych przedmiotów ekonomicznych,Sokółka,2024-08-08,2024-08-26
20,2011,ID: 74824/2024,Zawodowe,Instruktor nauki jazdy w zakresie kategorii T,Sokółka,2024-08-08,2024-08-27
20,2011,ID: 74349/2024,,Psycholog,Białousy,2024-08-07,2024-08-26
20,2011,ID: 74071/2024,Zawodowe,Nauczyciel techniki rolniczej,Sokółka,2024-08-07,2024-08-27
20,2011,ID: 74056/2024,Przedmioty i zajęcia ogólnokształcące,Nauczyciel podstaw przedsiębiorczości/biznes i zarządzanie,Sokółka,2024-08-07,2024-08-26
20,2011,ID: 74037/2024,Przedmioty i zajęcia ogólnokształcące,Nauczyciel matematyki,Sokółka,2024-08-07,2024-08-23
20,2011,ID: 73865/2024,Przedmioty i zajęcia ogólnokształcące,nauczyciel historii,Jacowlany,2024-08-07,2024-08-19
20,2011,ID: 73839/2024,,Psycholog,Jacowlany,2024-08-07,2024-08-30
20,2011,ID: 73738/2024,Przedmioty i zajęcia ogólnokształcące,Bibliotekarz,Różanystok,2024-08-07,2024-08-27
20,2011,ID: 73442/2024,,Psycholog,Sokółka,2024-08-06,2024-08-16
20,2011,ID: 73439/2024,,Pedagog,Sokółka,2024-08-06,2024-08-16
20,2011,ID: 73420/2024,,Pedagog,Sokółka,2024-08-06,2024-08-16
20,2011,ID: 72956/2024,Przedmioty i zajęcia ogólnokształcące,Nauczyciel rehabilitant,Sokółka,2024-08-06,2024-08-14
20,2011,ID: 72941/2024,,Oligofrenopedagog,Sokółka,2024-08-06,2024-08-14
20,2011,ID: 72918/2024,,Wychowawca w internacie,Sokółka,2024-08-06,2024-08-15
20,2011,ID: 72776/2024,,Logopeda,Sokółka,2024-08-06,2024-08-16
20,2011,ID: 72757/2024,Przedmioty i zajęcia ogólnokształcące,Nauczyciel przedmiotu biznes i zarządzanie,Sokółka,2024-08-06,2024-08-16
20,2011,ID: 72484/2024,Przedmioty i zajęcia ogólnokształcące,nauczyciel wychowania przedszkolnego,Reszkowce,2024-08-05,2024-08-29
20,2011,ID: 71557/2024,Przedmioty i zajęcia ogólnokształcące,nauczyciel plastyki,Suchodolina,2024-08-05,2024-08-23
20,2011,ID: 71534/2024,Przedmioty i zajęcia ogólnokształcące,nauczyciel wychowania fizycznego,Suchodolina,2024-08-05,2024-08-30
20,2011,ID: 71520/2024,Przedmioty i zajęcia ogólnokształcące,Nauczyciel języka rosyjskiego,Suchodolina,2024-08-05,2024-08-30
20,2011,ID: 71508/2024,Przedmioty i zajęcia ogólnokształcące,Nauczyciel w przedszkolu,Suchodolina,2024-08-05,2024-08-23
20,2011,ID: 71332/2024,Przedmioty i zajęcia ogólnokształcące,nauczyciel wychowania przedszkolnego i języka angielskiego,Sokółka,2024-08-02,2024-08-26
20,2011,ID: 70614/2024,,Bibliotekarz,Chodorówka Nowa,2024-08-01,2024-08-31
20,2011,ID: 70416/2024,,Pedagog,Sokółka,2024-08-01,2024-08-31
20,2011,ID: 70400/2024,Przedmioty i zajęcia ogólnokształcące,Nauczyciel informatyki,Sokółka,2024-08-01,2024-08-31
20,2011,ID: 70397/2024,,Psycholog,Sokółka,2024-08-01,2024-08-31
20,2011,ID: 70353/2024,,Pedagog specjalny,Sokółka,2024-08-01,2024-08-31
20,2011,ID: 70255/2024,,Doradca zawodowy,Bagny,2024-08-01,2024-08-12
20,2011,ID: 70244/2024,Przedmioty i zajęcia ogólnokształcące,nauczyciel edukacji dla bezpieczeństwa,Bagny,2024-08-01,2024-08-13
20,2011,ID: 70238/2024,,Bibliotekarz,Bagny,2024-08-01,2024-08-13
20,2011,ID: 70233/2024,Przedmioty i zajęcia ogólnokształcące,nauczyciel techniki,Bagny,2024-08-01,2024-08-13
20,2011,ID: 70231/2024,Przedmioty i zajęcia ogólnokształcące,nauczyciel muzyki,Bagny,2024-08-01,2024-08-14
20,2011,ID: 70205/2024,Przedmioty i zajęcia ogólnokształcące,Nauczyciel fizyki,Sokółka,2024-08-01,2024-08-31
20,2011,ID: 70021/2024,,Psycholog,Suchowola,2024-08-01,2024-08-18
20,2011,ID: 70020/2024,Zawodowe,nauczyciel przedmiotów zawodowych ( rolniczych),Suchowola,2024-08-01,2024-08-18
20,2011,ID: 70018/2024,Przedmioty i zajęcia ogólnokształcące,nauczyciel matematyki,Suchowola,2024-08-01,2024-08-19
20,2011,ID: 69803/2024,,Psycholog,Malawicze Dolne,2024-08-01,2024-08-31
20,2011,ID: 66724/2024,Przedmioty i zajęcia ogólnokształcące,nauczyciel do prowadzenia zajęć z wdż.,Sokółka,2024-07-25,2024-08-18
20,2011,ID: 65291/2024,Zawodowe,nauczyciel przedmiotów praktycznych,Sokółka,2024-07-23,2024-09-15
20,2011,ID: 64792/2024,Przedmioty i zajęcia ogólnokształcące,Nauczyciel plastyki w Szkole Podstawowej,Janowszczyzna,2024-07-22,2024-08-14
20,2011,ID: 64787/2024,Przedmioty i zajęcia ogólnokształcące,Nauczyciel przyrody w Szkole Podstawowej,Janowszczyzna,2024-07-22,2024-08-15
20,2011,ID: 64730/2024,Przedmioty i zajęcia ogólnokształcące,Terapeuta pedagogiczny,Stara Rozedranka,2024-07-22,2024-08-26
20,2011,ID: 64714/2024,Przedmioty i zajęcia ogólnokształcące,Psycholog,Stara Rozedranka,2024-07-22,2024-08-26
20,2011,ID: 64711/2024,Przedmioty i zajęcia ogólnokształcące,Nauczyciel chemii,Bogusze,2024-07-22,2024-08-27
20,2011,ID: 64679/2024,Przedmioty i zajęcia ogólnokształcące,Nauczyciel edukacji wczesnoszkolnej,Stara Rozedranka,2024-07-22,2024-08-28
20,2011,ID: 64519/2024,,Psycholog,Sokółka,2024-07-22,2024-08-22
20,2011,ID: 63135/2024,Przedmioty i zajęcia ogólnokształcące,nauczyciel języka angielskiego,Korycin,2024-07-17,2024-08-13
20,2011,ID: 63127/2024,Przedmioty i zajęcia ogólnokształcące,nauczyciel fizjoterapeuta,Korycin,2024-07-17,2024-08-14
20,2011,ID: 63063/2024,Przedmioty i zajęcia ogólnokształcące,nauczyciel języka polskiego,Sokółka,2024-07-17,2024-08-30
20,2011,ID: 57522/2024,Przedmioty i zajęcia ogólnokształcące,nauczyciel informatyki,Sokółka,2024-07-08,2024-08-12
20,2011,ID: 57516/2024,Przedmioty i zajęcia ogólnokształcące,nauczyciel wdż,Sokółka,2024-07-08,2024-08-12
20,2011,ID: 55303/2024,Przedmioty i zajęcia ogólnokształcące,Nauczyciel Języka polskiego,Stara Kamionka,2024-07-04,2024-08-16
20,2011,ID: 50071/2024,,Pedagog specjalny,Stara Kamionka,2024-06-28,2024-08-15
20,2011,ID: 50062/2024,,Pedagog,Stara Kamionka,2024-06-28,2024-08-15
20,2011,ID: 49093/2024,Przedmioty i zajęcia ogólnokształcące,nauczyciel edukacji wczesnoszkolnej,Krynki,2024-06-27,2024-08-15
20,2011,ID: 48846/2024,Przedmioty i zajęcia ogólnokształcące,nauczyciel edukacji wczesnoszkolnej,Kamienna Nowa,2024-06-27,2024-08-14
20,2011,ID: 47972/2024,,Pedagog,Geniusze,2024-06-26,2024-08-30
20,2011,ID: 47969/2024,,Psycholog,Geniusze,2024-06-26,2024-08-30
20,2011,ID: 47962/2024,Przedmioty i zajęcia ogólnokształcące,nauczyciel informatyki,Geniusze,2024-06-26,2024-08-31
20,2011,ID: 46851/2024,,Psycholog,Kuźnica,2024-06-25,2024-08-14
20,2011,ID: 46843/2024,,Wychowawca w świetlicy szkolnej,Kuźnica,2024-06-25,2024-08-14
20,2011,ID: 46832/2024,,Socjoterapeuta,Kuźnica,2024-06-25,2024-08-14
20,2011,ID: 46813/2024,Przedmioty i zajęcia ogólnokształcące,nauczyciel historii,Kuźnica,2024-06-25,2024-08-14
20,2011,ID: 46807/2024,Przedmioty i zajęcia ogólnokształcące,nauczyciel techniki,Kuźnica,2024-06-25,2024-08-14
20,2011,ID: 46802/2024,Przedmioty i zajęcia ogólnokształcące,nauczyciel przedmiotu Wychowanie do życia w rodzinie,Kuźnica,2024-06-25,2024-08-15
20,2011,ID: 46796/2024,Przedmioty i zajęcia ogólnokształcące,nauczyciel fizyki,Kuźnica,2024-06-25,2024-08-14
20,2011,ID: 45609/2024,,Psycholog,Kamienna Nowa,2024-06-22,2024-08-15
20,2011,ID: 43646/2024,Zawodowe,nauczyciel informatyki,Sokółka,2024-06-17,2024-08-31
20,2011,ID: 40475/2024,Przedmioty i zajęcia ogólnokształcące,Nauczyciel chemii,Janowszczyzna,2024-06-10,2024-08-15
20,2011,ID: 39001/2024,,Nauczyciel współorganizujący kształcenie uczniów z niepełnosprawnościami,Chodorówka Nowa,2024-06-06,2024-08-30
20,2011,ID: 38545/2024,Przedmioty i zajęcia ogólnokształcące,nauczyciel wychowania przedszkolnego,Krynki,2024-06-05,2024-08-15
20,2011,ID: 37088/2024,Przedmioty i zajęcia ogólnokształcące,nauczyciel edukacji wczesnoszkolnej,Szudziałowo,2024-06-04,2024-08-31
20,2011,ID: 22692/2024,Przedmioty i zajęcia ogólnokształcące,Nauczyciel edukacji przedszkolnej,Janowszczyzna,2024-04-17,2024-08-15
20,2011,ID: 22687/2024,Przedmioty i zajęcia ogólnokształcące,Nauczyciel edukacji wczesnoszkolnej,Janowszczyzna,2024-04-17,2024-08-15
20,2011,ID: 22486/2024,,Psycholog,Korycin,2024-04-17,2024-08-15
20,2011,ID: 22484/2024,Przedmioty i zajęcia ogólnokształcące,Nauczyciel języka niemieckiego,Korycin,2024-04-17,2024-08-15
20,2011,ID: 22386/2024,,Psycholog,Korycin,2024-04-16,2024-08-15
20,2011,ID: 21948/2024,,Psycholog,Janowszczyzna,2024-04-15,2024-08-15
20,2011,ID: 19405/2024,,Psycholog,Chodorówka Nowa,2024-04-08,2024-08-31
20,2009,ID: 75990/2024,,Doradca zawodowy,Krasnopol,2024-08-12,2024-08-22
20,2009,ID: 71370/2024,,Psycholog,Krasnowo,2024-08-03,2024-08-19
20,2009,ID: 51013/2024,,Psycholog,Puńsk,2024-07-01,2024-08-18
20,2009,ID: 48970/2024,Przedmioty i zajęcia ogólnokształcące,nauczyciel wychowania przedszkolnego,Giby,2024-06-27,2024-08-12
20,2061,ID: 76892/2024,,Psycholog,Białystok,2024-08-12,2024-08-23
20,2061,ID: 76695/2024,,Psycholog,Białystok,2024-08-12,2024-08-19
20,2061,ID: 76629/2024,Zawodowe,nauczyciel praktycznej nauki zawodu,Białystok,2024-08-12,2024-08-23
20,2061,ID: 76626/2024,Zawodowe,nauczyciel przedmiotów zawodowych branży budowlanej,Białystok,2024-08-12,2024-08-30
20,2061,ID: 76622/2024,Przedmioty i zajęcia ogólnokształcące,nauczyciel języka angielskiego,Białystok,2024-08-12,2024-08-23
20,2061,ID: 76560/2024,Zawodowe,Nauczyciel Podstaw diagnozy terapii zajęciowej,Białystok,2024-08-12,2024-08-28
20,2061,ID: 76542/2024,Zawodowe,Nauczyciel metod terapii zajęciowej,Białystok,2024-08-12,2024-08-28
20,2061,ID: 76524/2024,Zawodowe,Nauczyciel podstaw terapii zajęciowej,Białystok,2024-08-12,2024-08-29
20,2061,ID: 76390/2024,Przedmioty i zajęcia ogólnokształcące,Nauczyciel geografii,Białystok,2024-08-12,2024-08-22
20,2061,ID: 76041/2024,Przedmioty i zajęcia ogólnokształcące,nauczyciel edukacji wczesnoszkolnej,Białystok,2024-08-12,2024-08-20
20,2061,ID: 75964/2024,Przedmioty i zajęcia ogólnokształcące,Nauczyciel języka angielskiego,Białystok,2024-08-12,2024-08-26
20,2061,ID: 75894/2024,Przedmioty i zajęcia ogólnokształcące,nauczyciel języka angielskiego,Białystok,2024-08-12,2024-08-20
20,2061,ID: 75666/2024,Przedmioty i zajęcia ogólnokształcące,wychowanie przedszkolne,Białystok,2024-08-09,2024-08-20
20,2061,ID: 75468/2024,,Logopeda,Białystok,2024-08-09,2024-08-19
20,2061,ID: 74988/2024,Przedmioty i zajęcia ogólnokształcące,Nauczyciel przedszkolny,Białystok,2024-08-08,2024-08-30
20,2061,ID: 74842/2024,Przedmioty i zajęcia ogólnokształcące,Nauczyciel plastyki,Białystok,2024-08-08,2024-08-19
20,2061,ID: 74776/2024,Przedmioty i zajęcia ogólnokształcące,nauczyciel języka niemieckiego,Białystok,2024-08-08,2024-08-20
20,2061,ID: 74762/2024,Przedmioty i zajęcia ogólnokształcące,Nauczyciel edukacji wczesnoszkolnej,Białystok,2024-08-08,2024-08-23
20,2061,ID: 74621/2024,Przedmioty i zajęcia ogólnokształcące,nauczyciel języka polskiego,Białystok,2024-08-08,2024-08-29
20,2061,ID: 74511/2024,Przedmioty i zajęcia ogólnokształcące,nauczyciel współorganizujący kształcenie,Białystok,2024-08-08,2024-08-16
20,2061,ID: 74185/2024,Przedmioty i zajęcia ogólnokształcące,nauczyciel wychowania przedszkolnego,Białystok,2024-08-07,2024-08-14
20,2061,ID: 74059/2024,Przedmioty i zajęcia ogólnokształcące,nauczyciel wychowania przedszkolnego,Białystok,2024-08-07,2024-08-17
20,2061,ID: 73989/2024,,Wychowawca w świetlicy szkolnej,Białystok,2024-08-07,2024-08-31
20,2061,ID: 73984/2024,Przedmioty i zajęcia ogólnokształcące,Nauczyciel języka angielskiego,Białystok,2024-08-07,2024-08-31
20,2061,ID: 73792/2024,Przedmioty i zajęcia ogólnokształcące,Nauczyciel języka niemieckiego,Białystok,2024-08-07,2024-08-14
20,2061,ID: 73782/2024,Przedmioty i zajęcia ogólnokształcące,Nauczyciel edukacji wczesnoszkolnej,Białystok,2024-08-07,2024-08-14
20,2061,ID: 73770/2024,Przedmioty i zajęcia ogólnokształcące,Nauczyciel matematyki,Białystok,2024-08-07,2024-08-14
20,2061,ID: 73661/2024,,Psycholog,Białystok,2024-08-07,2024-08-30
20,2061,ID: 73490/2024,,Psycholog,Białystok,2024-08-06,2024-08-22
20,2061,ID: 73453/2024,Przedmioty i zajęcia ogólnokształcące,Opiekunka dziecięca do żłobka,Białystok,2024-08-06,2024-08-22
20,2061,ID: 73432/2024,,Psycholog,Białystok,2024-08-06,2024-08-12
20,2061,ID: 73385/2024,Przedmioty i zajęcia ogólnokształcące,nauczyciel edukacji wczesnoszkolnej,Białystok,2024-08-06,2024-08-14
20,2061,ID: 73378/2024,Przedmioty i zajęcia ogólnokształcące,Nauczyciel wychowania przedszkolnego,Białystok,2024-08-06,2024-08-12
20,2061,ID: 73225/2024,Przedmioty i zajęcia ogólnokształcące,nauczyciel języka polskiego dla obcokrajowców,Białystok,2024-08-06,2024-08-18
20,2061,ID: 73179/2024,Zawodowe,nauczyciel praktycznej nauki zawodu,Białystok,2024-08-06,2024-08-16
20,2061,ID: 73102/2024,Przedmioty i zajęcia ogólnokształcące,nauczyciel wychowania przedszkolnego,Białystok,2024-08-06,2024-08-19
20,2061,ID: 72851/2024,Przedmioty i zajęcia ogólnokształcące,Nauczyciel języka polskiego,Białystok,2024-08-06,2024-08-22
20,2061,ID: 72726/2024,,Wychowawca w świetlicy szkolnej,Białystok,2024-08-06,2024-08-19
20,2061,ID: 72713/2024,Przedmioty i zajęcia ogólnokształcące,nauczyciel rewalidacji,Białystok,2024-08-06,2024-08-16
20,2061,ID: 72653/2024,,Nauczyciel współorganizujący kształcenie uczniów z niepełnosprawnościami,Białystok,2024-08-06,2024-08-17
20,2061,ID: 72649/2024,,Psycholog,Białystok,2024-08-06,2024-12-31
20,2061,ID: 72646/2024,Zawodowe,Fizjoterapeuty / fizjoterapeuty NDT - Bobath,Białystok,2024-08-06,2024-12-31
20,2061,ID: 72644/2024,Przedmioty i zajęcia ogólnokształcące,Terapeuta Integracji Sensorycznej (SI),Białystok,2024-08-06,2024-12-31
20,2061,ID: 72643/2024,,Logopeda,Białystok,2024-08-06,2024-12-31
20,2061,ID: 72639/2024,,Główny księgowy,Białystok,2024-08-06,2024-12-31
20,2061,ID: 72562/2024,,Główny księgowy,Białystok,2024-08-05,2024-08-21
20,2061,ID: 72478/2024,Zawodowe,Nauczyciel zawodu - pracownik obsługi hotelowej,Białystok,2024-08-05,2024-08-18
20,2061,ID: 72476/2024,,Logopeda,Białystok,2024-08-05,2024-08-18
20,2061,ID: 72373/2024,Zawodowe,nauczyciel elektrycznych teoretycznych przedmiotów zawodowych,Białystok,2024-08-05,2024-08-16
20,2061,ID: 72204/2024,Przedmioty i zajęcia ogólnokształcące,nauczyciel języka angielskiego,Białystok,2024-08-05,2024-08-14
20,2061,ID: 72166/2024,Przedmioty i zajęcia ogólnokształcące,nauczyciel języka niemieckiego,Białystok,2024-08-05,2024-08-26
20,2061,ID: 71513/2024,Zawodowe,nauczyciel elektrycznych teoretycznych przedmiotów zawodowych,Białystok,2024-08-05,2024-08-16
20,2061,ID: 71442/2024,Przedmioty i zajęcia ogólnokształcące,nauczyciel wychowania przedszkolnego,Białystok,2024-08-04,2024-08-18
20,2061,ID: 71247/2024,Przedmioty i zajęcia ogólnokształcące,Nauczyciel języka hiszpańskiego,Białystok,2024-08-02,2024-08-15
20,2061,ID: 71200/2024,,Psycholog,Białystok,2024-08-02,2024-09-29
20,2061,ID: 71124/2024,,Kierownik gospodarczy,Białystok,2024-08-02,2024-08-11
20,2061,ID: 70930/2024,Przedmioty i zajęcia ogólnokształcące,nauczyciel informatyki,Białystok,2024-08-02,2024-08-16
20,2061,ID: 70618/2024,Przedmioty i zajęcia ogólnokształcące,Nauczyciel wychowania przedszkolnego,Białystok,2024-08-01,2024-08-31
20,2061,ID: 70543/2024,Przedmioty i zajęcia ogólnokształcące,nauczyciel,Białystok,2024-08-01,2024-08-23
20,2061,ID: 70123/2024,Przedmioty i zajęcia ogólnokształcące,nauczyciel edukacji wczesnoszkolnej,Białystok,2024-08-01,2024-08-24
20,2061,ID: 70104/2024,Przedmioty i zajęcia ogólnokształcące,nauczyciel języka hiszpańskiego,Białystok,2024-08-01,2024-08-25
20,2061,ID: 70087/2024,Przedmioty i zajęcia ogólnokształcące,nauczyciel religii katolickiej,Białystok,2024-08-01,2024-08-23
20,2061,ID: 70066/2024,,Wychowawca w świetlicy szkolnej,Białystok,2024-08-01,2024-08-23
20,2061,ID: 69736/2024,,Nauczyciel współorganizujący kształcenie uczniów z niepełnosprawnościami,Białystok,2024-08-01,2024-08-14
20,2061,ID: 69733/2024,Przedmioty i zajęcia ogólnokształcące,nauczyciel wychowania przedszkolnego,Białystok,2024-08-01,2024-08-14
20,2061,ID: 69639/2024,Przedmioty i zajęcia ogólnokształcące,Nauczyciel chemii,Białystok,2024-07-31,2024-08-12
20,2061,ID: 69502/2024,Przedmioty i zajęcia ogólnokształcące,Nauczyciel infomatyki,Białystok,2024-07-31,2024-08-16
20,2061,ID: 69318/2024,Przedmioty i zajęcia ogólnokształcące,nauczyciel wychowanie przedszkolne,Białystok,2024-07-31,2024-08-23
20,2061,ID: 69256/2024,Przedmioty i zajęcia ogólnokształcące,Nauczyciel wychowania przedszkolnego,Białystok,2024-07-31,2024-08-16
20,2061,ID: 69232/2024,Przedmioty i zajęcia ogólnokształcące,Nauczyciel wychowania przedszkolnego,Białystok,2024-07-31,2024-08-18
20,2061,ID: 69154/2024,Przedmioty i zajęcia ogólnokształcące,Nauczyciel wychowania przedszkolnego,Białystok,2024-07-31,2024-08-31
20,2061,ID: 68459/2024,Przedmioty i zajęcia ogólnokształcące,Nauczyciel wychowania przedszkolnego,Białystok,2024-07-30,2024-08-25
20,2061,ID: 68354/2024,Przedmioty i zajęcia ogólnokształcące,nauczyciel wychowania przedszkolnego,Białystok,2024-07-30,2024-08-15
20,2061,ID: 68353/2024,Przedmioty i zajęcia ogólnokształcące,nauczyciel współorganizujacy kształcenie,Białystok,2024-07-30,2024-08-16
20,2061,ID: 68247/2024,Przedmioty i zajęcia ogólnokształcące,nauczyciel wczesnoszkolny,Białystok,2024-07-29,2024-08-22
20,2061,ID: 68240/2024,Przedmioty i zajęcia ogólnokształcące,nauczyciel j. polskiego,Białystok,2024-07-29,2024-08-22
20,2061,ID: 68235/2024,Przedmioty i zajęcia ogólnokształcące,nauczyciel Fizyki,Białystok,2024-07-29,2024-08-23
20,2061,ID: 68188/2024,Przedmioty i zajęcia ogólnokształcące,nauczyciel oddziału przedszkolnego,Białystok,2024-07-29,2024-08-31
20,2061,ID: 68182/2024,Przedmioty i zajęcia ogólnokształcące,nauczyciel oddziału przedszkolnego,Białystok,2024-07-29,2024-08-31
20,2061,ID: 68092/2024,,Nauczyciel współorganizujący kształcenie uczniów z niepełnosprawnościami,Białystok,2024-07-29,2024-08-14
20,2061,ID: 68077/2024,Przedmioty i zajęcia ogólnokształcące,nauczyciel edukacji wczesnoszkolnej,Białystok,2024-07-29,2024-08-15
20,2061,ID: 67993/2024,Przedmioty i zajęcia ogólnokształcące,Nauczyciel języka hiszpańskiego,Białystok,2024-07-29,2024-08-19
20,2061,ID: 67992/2024,Przedmioty i zajęcia ogólnokształcące,Nauczyciel edukacji przedszkolnej lub wczesnoszkolnej,Białystok,2024-07-29,2024-08-19
20,2061,ID: 67950/2024,Przedmioty i zajęcia ogólnokształcące,Nauczyciel muzyki,Białystok,2024-07-29,2024-08-15
20,2061,ID: 67938/2024,,Nauczyciel współorganizujący kształcenie uczniów z niepełnosprawnościami,Białystok,2024-07-29,2024-08-15
20,2061,ID: 67565/2024,,Nauczyciel w pozaszkolnej placówce specjalistycznej,Białystok,2024-07-28,2024-08-30
20,2061,ID: 67315/2024,Przedmioty i zajęcia ogólnokształcące,Nauczyciel wychowania przedszkolnego,Białystok,2024-07-26,2024-08-18
20,2061,ID: 67194/2024,Przedmioty i zajęcia ogólnokształcące,nauczyciel języka polskiego,Białystok,2024-07-26,2024-08-22
20,2061,ID: 66628/2024,,Psycholog,Białystok,2024-07-25,2024-08-16
20,2061,ID: 66578/2024,,Pedagog specjalny,Białystok,2024-07-25,2024-08-27
20,2061,ID: 66577/2024,Przedmioty i zajęcia ogólnokształcące,Nauczyciel wychowania przedszkolnego,Białystok,2024-07-25,2024-08-25
20,2061,ID: 66437/2024,,Sprzątaczka,Białystok,2024-07-25,2024-08-15
20,2061,ID: 66393/2024,Zawodowe,nauczyciel teoretycznych przedmiotów zawodowych,Białystok,2024-07-25,2024-08-30
20,2061,ID: 66387/2024,Przedmioty i zajęcia ogólnokształcące,nauczyciel geografii,Białystok,2024-07-25,2024-08-30
20,2061,ID: 66375/2024,Przedmioty i zajęcia ogólnokształcące,nauczyciel fizjoterapeuta,Białystok,2024-07-25,2024-08-31
20,2061,ID: 66158/2024,Przedmioty i zajęcia ogólnokształcące,Nauczyciel języka polskiego,Białystok,2024-07-24,2024-08-22
20,2061,ID: 66143/2024,Zawodowe,Nauczyciel przedmiotów informatycznych,Białystok,2024-07-24,2024-08-15
20,2061,ID: 66139/2024,Przedmioty i zajęcia ogólnokształcące,Nauczyciel matematyki,Białystok,2024-07-24,2024-08-22
20,2061,ID: 65840/2024,Przedmioty i zajęcia ogólnokształcące,Nauczyciel geografii,Białystok,2024-07-24,2024-08-13
20,2061,ID: 65716/2024,Przedmioty i zajęcia ogólnokształcące,Nauczyciel matematyki,Białystok,2024-07-24,2024-08-12
20,2061,ID: 65704/2024,,Psycholog,Białystok,2024-07-24,2024-08-15
20,2061,ID: 65625/2024,,Pedagog specjalny,Białystok,2024-07-24,2024-08-28
20,2061,ID: 65574/2024,,Oligofrenopedagog,Białystok,2024-07-24,2024-08-19
20,2061,ID: 65336/2024,Przedmioty i zajęcia ogólnokształcące,nauczyciel języka polskiego,Białystok,2024-07-23,2024-08-23
20,2061,ID: 65334/2024,Przedmioty i zajęcia ogólnokształcące,Nauczyciel wychowania przedszkolnego,Białystok,2024-07-23,2024-08-16
20,2061,ID: 64131/2024,Przedmioty i zajęcia ogólnokształcące,Nauczyciel Wychowania Przedszkolnego,Białystok,2024-07-19,2024-08-22
20,2061,ID: 63845/2024,,Psycholog,Białystok,2024-07-18,2024-08-17
20,2061,ID: 63840/2024,Przedmioty i zajęcia ogólnokształcące,nauczyciel języka niemieckiego,Białystok,2024-07-18,2024-08-18
20,2061,ID: 63825/2024,Przedmioty i zajęcia ogólnokształcące,nauczyciel chemii,Białystok,2024-07-18,2024-08-17
20,2061,ID: 63802/2024,Przedmioty i zajęcia ogólnokształcące,nauczyciel języka hiszpańskiego,Białystok,2024-07-18,2024-08-18
20,2061,ID: 63600/2024,,Nauczyciel współorganizujący kształcenie uczniów z niepełnosprawnościami,Białystok,2024-07-18,2024-08-13
20,2061,ID: 63422/2024,Przedmioty i zajęcia ogólnokształcące,Nauczyciel wychowania przedszkolnego,Białystok,2024-07-18,2024-08-23
20,2061,ID: 63271/2024,,Pedagog specjalny,Białystok,2024-07-17,2024-08-30
20,2061,ID: 62510/2024,Przedmioty i zajęcia ogólnokształcące,Nauczyciel języka polskiego,Białystok,2024-07-16,2024-08-23
20,2061,ID: 62508/2024,Przedmioty i zajęcia ogólnokształcące,Nauczyciel języka angielskiego,Białystok,2024-07-16,2024-08-23
20,2061,ID: 62504/2024,Przedmioty i zajęcia ogólnokształcące,Nauczyciel wychowania przedszkolnego,Białystok,2024-07-16,2024-08-23
20,2061,ID: 61952/2024,Przedmioty i zajęcia ogólnokształcące,Nauczyciel fizyki,Białystok,2024-07-15,2024-09-23
20,2061,ID: 61951/2024,Przedmioty i zajęcia ogólnokształcące,nauczyciel chemii,Białystok,2024-07-15,2024-08-30
20,2061,ID: 61856/2024,Zawodowe,nauczyciel przedmiotów zawodowych branży budowlanej,Białystok,2024-07-15,2024-08-12
20,2061,ID: 61845/2024,Zawodowe,nauczyciel praktycznej nauki zawodu,Białystok,2024-07-15,2024-08-15
20,2061,ID: 61843/2024,Zawodowe,nauczyciel praktycznej nauki zawodu,Białystok,2024-07-15,2024-08-15
20,2061,ID: 61842/2024,Zawodowe,nauczyciel praktycznej nauki zawodu,Białystok,2024-07-15,2024-08-12
20,2061,ID: 61835/2024,Przedmioty i zajęcia ogólnokształcące,Nauczyciel matematyki,Białystok,2024-07-15,2024-08-21
20,2061,ID: 61054/2024,,Logopeda,Białystok,2024-07-12,2024-08-30
20,2061,ID: 59944/2024,,Psycholog,Białystok,2024-07-11,2024-08-19
20,2061,ID: 58153/2024,,Nauczyciel współorganizujący kształcenie uczniów z niepełnosprawnościami,Białystok,2024-07-08,2024-08-15
20,2061,ID: 58147/2024,Przedmioty i zajęcia ogólnokształcące,Nauczyciel języka angielskiego,Białystok,2024-07-08,2024-08-15
20,2061,ID: 57117/2024,,Nauczyciel w pozaszkolnej placówce specjalistycznej,Białystok,2024-07-07,2024-08-30
20,2061,ID: 57073/2024,Przedmioty i zajęcia ogólnokształcące,nauczyciel jezyka angielskiego,Białystok,2024-07-07,2024-08-31
20,2061,ID: 57072/2024,,Pomoc nauczyciela,Białystok,2024-07-07,2024-08-31
20,2061,ID: 56515/2024,Przedmioty i zajęcia ogólnokształcące,nauczyciel edukacji przedszkolnej,Białystok,2024-07-05,2024-08-23
20,2061,ID: 56338/2024,,Psycholog,Białystok,2024-07-05,2024-08-30
20,2061,ID: 56254/2024,Przedmioty i zajęcia ogólnokształcące,nauczyciel wychowania przedszkolnego,Białystok,2024-07-05,2024-08-16
20,2061,ID: 56228/2024,,Nauczyciel współorganizujący kształcenie uczniów z niepełnosprawnościami,Białystok,2024-07-05,2024-08-16
20,2061,ID: 56130/2024,Przedmioty i zajęcia ogólnokształcące,nauczyciel wychowania przedszkolnego,Białystok,2024-07-05,2024-08-29
20,2061,ID: 54457/2024,,Pedagog,Białystok,2024-07-03,2024-08-22
20,2061,ID: 53341/2024,Przedmioty i zajęcia ogólnokształcące,nauczyciel języka polskiego,Białystok,2024-07-02,2024-08-31
20,2061,ID: 49135/2024,Przedmioty i zajęcia ogólnokształcące,wychowanie przedszkolne,Białystok,2024-06-27,2024-08-16
20,2061,ID: 48156/2024,,Psycholog,Białystok,2024-06-26,2024-08-14
20,2061,ID: 47951/2024,,Nauczyciel współorganizujący kształcenie uczniów z niepełnosprawnościami,Białystok,2024-06-26,2024-08-17
20,2061,ID: 45325/2024,,Nauczyciel w pozaszkolnej placówce specjalistycznej,Białystok,2024-06-21,2024-08-30
20,2061,ID: 45298/2024,Zawodowe,nauczyciel /Terapeuta Integracji Sensorycznej (SI),Białystok,2024-06-21,2024-08-31
20,2061,ID: 45296/2024,Zawodowe,Nauczyciel Logopeda,Białystok,2024-06-21,2024-08-31
20,2061,ID: 45294/2024,Zawodowe,Fizjoterapeuty / fizjoterapeuty NDT - Bobath,Białystok,2024-06-21,2024-08-31
20,2061,ID: 45290/2024,Przedmioty i zajęcia ogólnokształcące,Terapeuta Integracji Sensorycznej (SI),Białystok,2024-06-21,2024-12-31
20,2061,ID: 45287/2024,,Psycholog,Białystok,2024-06-21,2024-08-31
20,2061,ID: 45285/2024,,Logopeda,Białystok,2024-06-21,2024-08-31
20,2061,ID: 42490/2024,Przedmioty i zajęcia ogólnokształcące,chemia,Białystok,2024-06-14,2024-08-15
20,2061,ID: 42489/2024,,Pomoc administracyjna,Białystok,2024-06-14,2024-08-23
20,2061,ID: 30441/2024,Zawodowe,Nauczyciel na kierunku Masażysta,Białystok,2024-05-15,2024-08-30
20,2061,ID: 30403/2024,Zawodowe,Nauczyciel na kierunku Terapeuta Zajęciowy,Białystok,2024-05-15,2024-08-30
20,2061,ID: 30391/2024,Zawodowe,Nauczyciel języka migowego,Białystok,2024-05-15,2024-08-30
20,2061,ID: 30382/2024,Zawodowe,Nauczyciel na kierunku Technik Usług Kosmetycznych,Białystok,2024-05-15,2024-08-31
20,2061,ID: 29353/2024,Zawodowe,NAUCZYCIEL TEORETYCZNYCH PRZEDMIOTÓW ZAWODOWYCH,Białystok,2024-05-13,2024-08-31
20,2061,ID: 24656/2024,,Psycholog,Białystok,2024-04-24,2024-08-31
20,2061,ID: 24640/2024,Przedmioty i zajęcia ogólnokształcące,Nauczyciel przedmiotu Edukacja dla bezpieczeństwa,Białystok,2024-04-24,2024-08-31
20,2061,ID: 24635/2024,Przedmioty i zajęcia ogólnokształcące,Nauczyciel wychowania fizycznego,Białystok,2024-04-24,2024-08-30
20,2061,ID: 24631/2024,Przedmioty i zajęcia ogólnokształcące,Nauczyciel matematyki,Białystok,2024-04-24,2024-08-30
20,2061,ID: 24624/2024,Przedmioty i zajęcia ogólnokształcące,Nauczyciel fizyki,Białystok,2024-04-24,2024-08-30
20,2061,ID: 24618/2024,Przedmioty i zajęcia ogólnokształcące,Nauczyciel przedmiotu Biznes i zarządzanie,Białystok,2024-04-24,2024-08-30
20,2061,ID: 24605/2024,Przedmioty i zajęcia ogólnokształcące,Nauczyciel plastyki,Białystok,2024-04-24,2024-08-30
20,2061,ID: 24599/2024,Przedmioty i zajęcia ogólnokształcące,nauczyciel języka angielskiego,Białystok,2024-04-24,2024-08-30
20,2061,ID: 24595/2024,Przedmioty i zajęcia ogólnokształcące,nauczyciel języka polskiego,Białystok,2024-04-24,2024-08-31
20,2061,ID: 24567/2024,Zawodowe,nauczyciel przedmiotu w kształceniu zawodowym teoretycznym,Białystok,2024-04-24,2024-08-30
20,2061,ID: 24332/2024,,Pedagog,Białystok,2024-04-23,2024-08-30
20,2061,ID: 24314/2024,Zawodowe,nauczyciel przedmiotu w kształceniu zawodowym teoretycznym,Białystok,2024-04-23,2024-08-31
20,2061,ID: 04281/2024,,Psycholog,Białystok,2024-01-16,2024-08-31
20,2005,ID: 70493/2024,Przedmioty i zajęcia ogólnokształcące,nauczyciel wychowania do życia w rodzinie,Dubicze Cerkiewne,2024-08-01,2024-08-19
20,2005,ID: 70478/2024,Przedmioty i zajęcia ogólnokształcące,nauczyciel - zajęcia rewalidacyjne,Dubicze Cerkiewne,2024-08-01,2024-08-19
20,2005,ID: 70440/2024,Przedmioty i zajęcia ogólnokształcące,nauczyciel współorganizujący kształcenie,Dubicze Cerkiewne,2024-08-01,2024-08-19
20,2005,ID: 70423/2024,Przedmioty i zajęcia ogólnokształcące,nauczyciel języka polskiego,Dubicze Cerkiewne,2024-08-01,2024-08-20
20,2005,ID: 65015/2024,Przedmioty i zajęcia ogólnokształcące,Nauczyciel j. polskiego,Hajnówka,2024-07-22,2024-08-22
20,2005,ID: 60378/2024,,Nauczyciel współorganizujący kształcenie uczniów z niepełnosprawnościami,Narew,2024-07-11,2024-08-13
20,2005,ID: 60367/2024,Przedmioty i zajęcia ogólnokształcące,edukacja wczesnoszkolna,Narew,2024-07-11,2024-08-13
20,2005,ID: 60355/2024,Przedmioty i zajęcia ogólnokształcące,nauczyciel języka angielskiego,Narew,2024-07-11,2024-08-13
20,2005,ID: 60337/2024,,Psycholog,Narew,2024-07-11,2024-08-22
20,2005,ID: 60326/2024,Przedmioty i zajęcia ogólnokształcące,wiedza o społeczeństwie,Narew,2024-07-11,2024-08-13
20,2005,ID: 60311/2024,Przedmioty i zajęcia ogólnokształcące,Historia,Narew,2024-07-11,2024-08-14
20,2005,ID: 59854/2024,,Psycholog,Kleszczele,2024-07-11,2024-08-31
20,2005,ID: 51297/2024,Przedmioty i zajęcia ogólnokształcące,Nauczyciel wychowania przedszkolnego,Dubiny,2024-07-01,2024-08-25
20,2005,ID: 51270/2024,Przedmioty i zajęcia ogólnokształcące,nauczyciel języka białoruskiego,Dubiny,2024-07-01,2024-08-25
20,2005,ID: 37996/2024,,Terapeuta pedagogiczny,Białowieża,2024-06-05,2024-08-22
20,2005,ID: 37987/2024,,Terapeuta pedagogiczny,Białowieża,2024-06-05,2024-08-22
20,2005,ID: 37968/2024,,Logopeda,Białowieża,2024-06-05,2024-08-22
20,2005,ID: 37956/2024,,Psycholog,Białowieża,2024-06-05,2024-08-22
20,2005,ID: 37935/2024,,Nauczyciel współorganizujący kształcenie uczniów z niepełnosprawnościami,Białowieża,2024-06-05,2024-08-23
20,2005,ID: 37923/2024,Przedmioty i zajęcia ogólnokształcące,nauczyciel,Białowieża,2024-06-05,2024-08-22
20,2005,ID: 37918/2024,Przedmioty i zajęcia ogólnokształcące,nauczyciel,Białowieża,2024-06-05,2024-08-23
20,2005,ID: 37909/2024,Przedmioty i zajęcia ogólnokształcące,nauczyciel,Białowieża,2024-06-05,2024-08-22
20,2005,ID: 35953/2024,,Psycholog,Hajnówka,2024-05-31,2024-08-15
20,2005,ID: 35948/2024,,Pedagog,Hajnówka,2024-05-31,2024-08-15
20,2005,ID: 34576/2024,,Psycholog,Hajnówka,2024-05-27,2024-08-31
20,2005,ID: 07005/2024,,Psycholog,Dubiny,2024-02-01,2024-08-24
20,2005,ID: 03500/2024,,Psycholog,Hajnówka,2024-01-11,2024-12-31
20,2006,ID: 73414/2024,Przedmioty i zajęcia ogólnokształcące,Nauczyciel edukacji wczesnoszkolnej,Wykowo,2024-08-06,2024-08-18
20,2006,ID: 71585/2024,,Nauczyciel współorganizujący kształcenie uczniów z niepełnosprawnościami,Mały Płock,2024-08-05,2024-08-16
20,2006,ID: 71440/2024,Przedmioty i zajęcia ogólnokształcące,Nauczyciel języka polskiego,Wykowo,2024-08-04,2024-08-18
20,2006,ID: 64268/2024,,Psycholog,Wykowo,2024-07-19,2024-08-31
20,2006,ID: 58190/2024,,Doradca zawodowy,Kąty,2024-07-09,2024-08-16
20,2006,ID: 57136/2024,,Psycholog,Kąty,2024-07-08,2024-08-16
20,2006,ID: 57135/2024,,Pedagog specjalny,Kąty,2024-07-08,2024-08-15
20,2006,ID: 53982/2024,,Psycholog,Poryte,2024-07-03,2024-08-31
20,2006,ID: 50608/2024,,Doradca zawodowy,Ksebki,2024-06-28,2024-08-29
20,2006,ID: 50602/2024,,Psycholog,Ksebki,2024-06-28,2024-08-30
20,2006,ID: 50592/2024,,Bibliotekarz,Ksebki,2024-06-28,2024-08-29
20,2006,ID: 49500/2024,,Psycholog,Ptaki,2024-06-27,2024-08-16
20,2006,ID: 40888/2024,Przedmioty i zajęcia ogólnokształcące,nauczyciel wchowania fizycznego,Kolno,2024-06-11,2024-08-31
20,2006,ID: 33617/2024,Zawodowe,nauczyciel zajęć kompetencji zawodowych,Kolno,2024-05-24,2024-08-31
20,2006,ID: 18227/2024,Zawodowe,nauczyciel teoretycznych i praktycznych przedmiotów zawodowych,Kolno,2024-04-03,2024-08-31
20,2006,ID: 18221/2024,Przedmioty i zajęcia ogólnokształcące,Nauczyciel fizyki,Kolno,2024-04-03,2024-08-30
20,2006,ID: 18220/2024,Przedmioty i zajęcia ogólnokształcące,nauczyciel matematyki,Kolno,2024-04-03,2024-08-31
20,2006,ID: 18208/2024,Przedmioty i zajęcia ogólnokształcące,nauczyciel historii,Kolno,2024-04-03,2024-08-31
20,2006,ID: 16201/2024,,Logopeda,Leman,2024-03-25,2024-09-29
20,2006,ID: 16200/2024,,Psycholog,Leman,2024-03-25,2024-09-30
20,2006,ID: 08766/2024,,Psycholog,Zabiele,2024-02-13,2024-08-15
