county_id,county_nm,voivodeship_id,voivodeship_nm
1416,powiat ostrowski,14,mazowieckie
1429,powiat sokołowski,14,mazowieckie
1410,powiat łosicki,14,mazowieckie
1426,powiat siedlecki,14,mazowieckie
1464,powiat Siedlce,14,mazowieckie
1402,powiat ciechanowski,14,mazowieckie
1432,powiat warszawski zachodni,14,mazowieckie
1414,powiat nowodworski,14,mazowieckie
1422,powiat przasnyski,14,mazowieckie
1424,powiat pułtuski,14,mazowieckie
1408,powiat legionowski,14,mazowieckie
1411,powiat makowski,14,mazowieckie
1415,powiat ostrołęcki,14,mazowieckie
1434,powiat wołomiński,14,mazowieckie
1435,powiat wyszkowski,14,mazowieckie
1461,powiat Ostrołęka,14,mazowieckie
1433,powiat węgrowski,14,mazowieckie
1409,powiat lipski,14,mazowieckie
1425,powiat radomski,14,mazowieckie
1430,powiat szydłowiecki,14,mazowieckie
1436,powiat zwoleński,14,mazowieckie
1404,powiat gostyniński,14,mazowieckie
1419,powiat płocki,14,mazowieckie
1427,powiat sierpecki,14,mazowieckie
1462,powiat Płock,14,mazowieckie
1437,powiat żuromiński,14,mazowieckie
1420,powiat płoński,14,mazowieckie
1413,powiat mławski,14,mazowieckie
1423,powiat przysuski,14,mazowieckie
1463,powiat Radom,14,mazowieckie
1407,powiat kozienicki,14,mazowieckie
1401,powiat białobrzeski,14,mazowieckie
1406,powiat grójecki,14,mazowieckie
1403,powiat garwoliński,14,mazowieckie
1438,powiat żyrardowski,14,mazowieckie
1417,powiat otwocki,14,mazowieckie
1418,powiat piaseczyński,14,mazowieckie
1405,powiat grodziski,14,mazowieckie
1412,powiat miński,14,mazowieckie
1421,powiat pruszkowski,14,mazowieckie
1465,powiat Warszawa,14,mazowieckie
1428,powiat sochaczewski,14,mazowieckie
2007,powiat łomżyński,20,podlaskie
2014,powiat zambrowski,20,podlaskie
2062,powiat Łomża,20,podlaskie
2004,powiat grajewski,20,podlaskie
2013,powiat wysokomazowiecki,20,podlaskie
2012,powiat suwalski,20,podlaskie
2008,powiat moniecki,20,podlaskie
2002,powiat białostocki,20,podlaskie
2010,powiat siemiatycki,20,podlaskie
2001,powiat augustowski,20,podlaskie
2003,powiat bielski,20,podlaskie
2063,powiat Suwałki,20,podlaskie
2011,powiat sokólski,20,podlaskie
2009,powiat sejneński,20,podlaskie
2061,powiat Białystok,20,podlaskie
2005,powiat hajnowski,20,podlaskie
2006,powiat kolneński,20,podlaskie
2818,powiat gołdapski,28,warmińsko-mazurskie
2805,powiat ełcki,28,warmińsko-mazurskie
2813,powiat olecki,28,warmińsko-mazurskie
2814,powiat olsztyński,28,warmińsko-mazurskie
2811,powiat nidzicki,28,warmińsko-mazurskie
2801,powiat bartoszycki,28,warmińsko-mazurskie
2817,powiat szczycieński,28,warmińsko-mazurskie
2808,powiat kętrzyński,28,warmińsko-mazurskie
2810,powiat mrągowski,28,warmińsko-mazurskie
2816,powiat piski,28,warmińsko-mazurskie
2806,powiat giżycki,28,warmińsko-mazurskie
2819,powiat węgorzewski,28,warmińsko-mazurskie
2807,powiat iławski,28,warmińsko-mazurskie
2812,powiat nowomiejski,28,warmińsko-mazurskie
2804,powiat elbląski,28,warmińsko-mazurskie
2861,powiat Elbląg,28,warmińsko-mazurskie
2815,powiat ostródzki,28,warmińsko-mazurskie
2802,powiat braniewski,28,warmińsko-mazurskie
2803,powiat działdowski,28,warmińsko-mazurskie
2809,powiat lidzbarski,28,warmińsko-mazurskie
2862,powiat Olsztyn,28,warmińsko-mazurskie
2609,powiat sandomierski,26,świętokrzyskie
2603,powiat kazimierski,26,świętokrzyskie
2601,powiat buski,26,świętokrzyskie
2608,powiat pińczowski,26,świętokrzyskie
2612,powiat staszowski,26,świętokrzyskie
2602,powiat jędrzejowski,26,świętokrzyskie
2604,powiat kielecki,26,świętokrzyskie
2613,powiat włoszczowski,26,świętokrzyskie
2606,powiat opatowski,26,świętokrzyskie
2661,powiat Kielce,26,świętokrzyskie
2607,powiat ostrowiecki,26,świętokrzyskie
2611,powiat starachowicki,26,świętokrzyskie
2610,powiat skarżyski,26,świętokrzyskie
2605,powiat konecki,26,świętokrzyskie
1820,powiat tarnobrzeski,18,podkarpackie
1864,powiat Tarnobrzeg,18,podkarpackie
1818,powiat stalowowolski,18,podkarpackie
1812,powiat niżański,18,podkarpackie
1811,powiat mielecki,18,podkarpackie
1803,powiat dębicki,18,podkarpackie
1805,powiat jasielski,18,podkarpackie
1815,powiat ropczycko-sędziszowski,18,podkarpackie
1819,powiat strzyżowski,18,podkarpackie
1806,powiat kolbuszowski,18,podkarpackie
1807,powiat krośnieński,18,podkarpackie
1861,powiat Krosno,18,podkarpackie
1816,powiat rzeszowski,18,podkarpackie
1863,powiat Rzeszów,18,podkarpackie
1802,powiat brzozowski,18,podkarpackie
1817,powiat sanocki,18,podkarpackie
1810,powiat łańcucki,18,podkarpackie
1808,powiat leżajski,18,podkarpackie
1821,powiat leski,18,podkarpackie
1814,powiat przeworski,18,podkarpackie
1813,powiat przemyski,18,podkarpackie
1804,powiat jarosławski,18,podkarpackie
1801,powiat bieszczadzki,18,podkarpackie
1862,powiat Przemyśl,18,podkarpackie
1809,powiat lubaczowski,18,podkarpackie
0616,powiat rycki,06,lubelskie
0614,powiat puławski,06,lubelskie
0612,powiat opolski,06,lubelskie
0611,powiat łukowski,06,lubelskie
0607,powiat kraśnicki,06,lubelskie
0609,powiat lubelski,06,lubelskie
0608,powiat lubartowski,06,lubelskie
0605,powiat janowski,06,lubelskie
0615,powiat radzyński,06,lubelskie
0663,powiat Lublin,06,lubelskie
0602,powiat biłgorajski,06,lubelskie
0601,powiat bialski,06,lubelskie
0613,powiat parczewski,06,lubelskie
0617,powiat świdnicki,06,lubelskie
0610,powiat łęczyński,06,lubelskie
0606,powiat krasnostawski,06,lubelskie
0620,powiat zamojski,06,lubelskie
0661,powiat Biała Podlaska,06,lubelskie
0603,powiat chełmski,06,lubelskie
0619,powiat włodawski,06,lubelskie
0618,powiat tomaszowski,06,lubelskie
0664,powiat Zamość,06,lubelskie
0662,powiat Chełm,06,lubelskie
0604,powiat hrubieszowski,06,lubelskie
1214,powiat proszowicki,12,małopolskie
1201,powiat bocheński,12,małopolskie
1210,powiat nowosądecki,12,małopolskie
1202,powiat brzeski,12,małopolskie
1262,powiat Nowy Sącz,12,małopolskie
1216,powiat tarnowski,12,małopolskie
1204,powiat dąbrowski,12,małopolskie
1263,powiat Tarnów,12,małopolskie
1205,powiat gorlicki,12,małopolskie
1213,powiat oświęcimski,12,małopolskie
1203,powiat chrzanowski,12,małopolskie
1218,powiat wadowicki,12,małopolskie
1212,powiat olkuski,12,małopolskie
1215,powiat suski,12,małopolskie
1206,powiat krakowski,12,małopolskie
1211,powiat nowotarski,12,małopolskie
1209,powiat myślenicki,12,małopolskie
1217,powiat tatrzański,12,małopolskie
1261,powiat Kraków,12,małopolskie
1219,powiat wielicki,12,małopolskie
1207,powiat limanowski,12,małopolskie
1208,powiat miechowski,12,małopolskie
2403,powiat cieszyński,24,śląskie
2410,powiat pszczyński,24,śląskie
2408,powiat mikołowski,24,śląskie
2478,powiat Zabrze,24,śląskie
2462,powiat Bytom,24,śląskie
2472,powiat Ruda Śląska,24,śląskie
2402,powiat bielski,24,śląskie
2476,powiat Świętochłowice,24,śląskie
2469,powiat Katowice,24,śląskie
2463,powiat Chorzów,24,śląskie
2477,powiat Tychy,24,śląskie
2461,powiat Bielsko-Biała,24,śląskie
2417,powiat żywiecki,24,śląskie
2474,powiat Siemianowice Śląskie,24,śląskie
2414,powiat bieruńsko-lędziński,24,śląskie
2470,powiat Mysłowice,24,śląskie
2475,powiat Sosnowiec,24,śląskie
2465,powiat Dąbrowa Górnicza,24,śląskie
2468,powiat Jaworzno,24,śląskie
2401,powiat będziński,24,śląskie
2413,powiat tarnogórski,24,śląskie
2471,powiat Piekary Śląskie,24,śląskie
2416,powiat zawierciański,24,śląskie
2407,powiat lubliniecki,24,śląskie
2409,powiat myszkowski,24,śląskie
2404,powiat częstochowski,24,śląskie
2464,powiat Częstochowa,24,śląskie
2406,powiat kłobucki,24,śląskie
2467,powiat Jastrzębie-Zdrój,24,śląskie
2415,powiat wodzisławski,24,śląskie
2411,powiat raciborski,24,śląskie
2479,powiat Żory,24,śląskie
2412,powiat rybnicki,24,śląskie
2473,powiat Rybnik,24,śląskie
2405,powiat gliwicki,24,śląskie
2466,powiat Gliwice,24,śląskie
1012,powiat radomszczański,10,łódzkie
1009,powiat pajęczański,10,łódzkie
1010,powiat piotrkowski,10,łódzkie
1001,powiat bełchatowski,10,łódzkie
1007,powiat opoczyński,10,łódzkie
1003,powiat łaski,10,łódzkie
1062,powiat Piotrków Trybunalski,10,łódzkie
1016,powiat tomaszowski,10,łódzkie
1019,powiat zduńskowolski,10,łódzkie
1006,powiat łódzki wschodni,10,łódzkie
1008,powiat pabianicki,10,łódzkie
1013,powiat rawski,10,łódzkie
1061,powiat Łódź,10,łódzkie
1011,powiat poddębicki,10,łódzkie
1021,powiat brzeziński,10,łódzkie
1015,powiat skierniewicki,10,łódzkie
1020,powiat zgierski,10,łódzkie
1005,powiat łowicki,10,łódzkie
1063,powiat Skierniewice,10,łódzkie
1004,powiat łęczycki,10,łódzkie
1002,powiat kutnowski,10,łódzkie
1017,powiat wieluński,10,łódzkie
1018,powiat wieruszowski,10,łódzkie
1014,powiat sieradzki,10,łódzkie
2261,powiat Gdańsk,22,pomorskie
2214,powiat tczewski,22,pomorskie
2207,powiat kwidzyński,22,pomorskie
2209,powiat malborski,22,pomorskie
2210,powiat nowodworski,22,pomorskie
2216,powiat sztumski,22,pomorskie
2212,powiat słupski,22,pomorskie
2201,powiat bytowski,22,pomorskie
2203,powiat człuchowski,22,pomorskie
2263,powiat Słupsk,22,pomorskie
2202,powiat chojnicki,22,pomorskie
2208,powiat lęborski,22,pomorskie
2206,powiat kościerski,22,pomorskie
2205,powiat kartuski,22,pomorskie
2215,powiat wejherowski,22,pomorskie
2211,powiat pucki,22,pomorskie
2213,powiat starogardzki,22,pomorskie
2204,powiat gdański,22,pomorskie
2262,powiat Gdynia,22,pomorskie
2264,powiat Sopot,22,pomorskie
0406,powiat grudziądzki,04,kujawsko-pomorskie
0418,powiat włocławski,04,kujawsko-pomorskie
0462,powiat Grudziądz,04,kujawsko-pomorskie
0417,powiat wąbrzeski,04,kujawsko-pomorskie
0405,powiat golubsko-dobrzyński,04,kujawsko-pomorskie
0408,powiat lipnowski,04,kujawsko-pomorskie
0464,powiat Włocławek,04,kujawsko-pomorskie
0402,powiat brodnicki,04,kujawsko-pomorskie
0412,powiat rypiński,04,kujawsko-pomorskie
0413,powiat sępoleński,04,kujawsko-pomorskie
0410,powiat nakielski,04,kujawsko-pomorskie
0419,powiat żniński,04,kujawsko-pomorskie
0416,powiat tucholski,04,kujawsko-pomorskie
0403,powiat bydgoski,04,kujawsko-pomorskie
0409,powiat mogileński,04,kujawsko-pomorskie
0461,powiat Bydgoszcz,04,kujawsko-pomorskie
0407,powiat inowrocławski,04,kujawsko-pomorskie
0414,powiat świecki,04,kujawsko-pomorskie
0415,powiat toruński,04,kujawsko-pomorskie
0404,powiat chełmiński,04,kujawsko-pomorskie
0463,powiat Toruń,04,kujawsko-pomorskie
0401,powiat aleksandrowski,04,kujawsko-pomorskie
0411,powiat radziejowski,04,kujawsko-pomorskie
3009,powiat kolski,30,wielkopolskie
3028,powiat wągrowiecki,30,wielkopolskie
3008,powiat kępiński,30,wielkopolskie
3018,powiat ostrzeszowski,30,wielkopolskie
3017,powiat ostrowski,30,wielkopolskie
3007,powiat kaliski,30,wielkopolskie
3022,powiat rawicki,30,wielkopolskie
3012,powiat krotoszyński,30,wielkopolskie
3061,powiat Kalisz,30,wielkopolskie
3004,powiat gostyński,30,wielkopolskie
3013,powiat leszczyński,30,wielkopolskie
3020,powiat pleszewski,30,wielkopolskie
3027,powiat turecki,30,wielkopolskie
3063,powiat Leszno,30,wielkopolskie
3006,powiat jarociński,30,wielkopolskie
3011,powiat kościański,30,wielkopolskie
3026,powiat śremski,30,wielkopolskie
3010,powiat koniński,30,wielkopolskie
3025,powiat średzki,30,wielkopolskie
3030,powiat wrzesiński,30,wielkopolskie
3023,powiat słupecki,30,wielkopolskie
3021,powiat poznański,30,wielkopolskie
3062,powiat Konin,30,wielkopolskie
3064,powiat Poznań,30,wielkopolskie
3003,powiat gnieźnieński,30,wielkopolskie
3024,powiat szamotulski,30,wielkopolskie
3014,powiat międzychodzki,30,wielkopolskie
3015,powiat nowotomyski,30,wielkopolskie
3029,powiat wolsztyński,30,wielkopolskie
3005,powiat grodziski,30,wielkopolskie
3002,powiat czarnkowsko-trzcianecki,30,wielkopolskie
3019,powiat pilski,30,wielkopolskie
3031,powiat złotowski,30,wielkopolskie
3016,powiat obornicki,30,wielkopolskie
3001,powiat chodzieski,30,wielkopolskie
1602,powiat głubczycki,16,opolskie
1603,powiat kędzierzyńsko-kozielski,16,opolskie
1607,powiat nyski,16,opolskie
1610,powiat prudnicki,16,opolskie
1605,powiat krapkowicki,16,opolskie
1611,powiat strzelecki,16,opolskie
1609,powiat opolski,16,opolskie
1601,powiat brzeski,16,opolskie
1661,powiat Opole,16,opolskie
1608,powiat oleski,16,opolskie
1604,powiat kluczborski,16,opolskie
1606,powiat namysłowski,16,opolskie
0208,powiat kłodzki,02,dolnośląskie
0224,powiat ząbkowicki,02,dolnośląskie
0217,powiat strzeliński,02,dolnośląskie
0202,powiat dzierżoniowski,02,dolnośląskie
0219,powiat świdnicki,02,dolnośląskie
0223,powiat wrocławski,02,dolnośląskie
0215,powiat oławski,02,dolnośląskie
0218,powiat średzki,02,dolnośląskie
0264,powiat Wrocław,02,dolnośląskie
0214,powiat oleśnicki,02,dolnośląskie
0220,powiat trzebnicki,02,dolnośląskie
0222,powiat wołowski,02,dolnośląskie
0213,powiat milicki,02,dolnośląskie
0204,powiat górowski,02,dolnośląskie
0225,powiat zgorzelecki,02,dolnośląskie
0210,powiat lubański,02,dolnośląskie
0201,powiat bolesławiecki,02,dolnośląskie
0212,powiat lwówecki,02,dolnośląskie
0206,powiat karkonoski,02,dolnośląskie
0261,powiat Jelenia Góra,02,dolnośląskie
0226,powiat złotoryjski,02,dolnośląskie
0216,powiat polkowicki,02,dolnośląskie
0209,powiat legnicki,02,dolnośląskie
0207,powiat kamiennogórski,02,dolnośląskie
0203,powiat głogowski,02,dolnośląskie
0205,powiat jaworski,02,dolnośląskie
0211,powiat lubiński,02,dolnośląskie
0221,powiat wałbrzyski,02,dolnośląskie
0262,powiat Legnica,02,dolnośląskie
0265,powiat Wałbrzych,02,dolnośląskie
0802,powiat krośnieński,08,lubuskie
0805,powiat słubicki,08,lubuskie
0811,powiat żarski,08,lubuskie
0807,powiat sulęciński,08,lubuskie
0810,powiat żagański,08,lubuskie
0809,powiat zielonogórski,08,lubuskie
0808,powiat świebodziński,08,lubuskie
0803,powiat międzyrzecki,08,lubuskie
0862,powiat Zielona Góra,08,lubuskie
0804,powiat nowosolski,08,lubuskie
0812,powiat wschowski,08,lubuskie
0801,powiat gorzowski,08,lubuskie
0861,powiat Gorzów Wielkopolski,08,lubuskie
0806,powiat strzelecko-drezdenecki,08,lubuskie
3206,powiat gryfiński,32,zachodniopomorskie
3263,powiat Świnoujście,32,zachodniopomorskie
3211,powiat policki,32,zachodniopomorskie
3210,powiat myśliborski,32,zachodniopomorskie
3204,powiat goleniowski,32,zachodniopomorskie
3207,powiat kamieński,32,zachodniopomorskie
3262,powiat Szczecin,32,zachodniopomorskie
3212,powiat pyrzycki,32,zachodniopomorskie
3214,powiat stargardzki,32,zachodniopomorskie
3205,powiat gryficki,32,zachodniopomorskie
3218,powiat łobeski,32,zachodniopomorskie
3202,powiat choszczeński,32,zachodniopomorskie
3208,powiat kołobrzeski,32,zachodniopomorskie
3216,powiat świdwiński,32,zachodniopomorskie
3203,powiat drawski,32,zachodniopomorskie
3201,powiat białogardzki,32,zachodniopomorskie
3209,powiat koszaliński,32,zachodniopomorskie
3217,powiat wałecki,32,zachodniopomorskie
3261,powiat Koszalin,32,zachodniopomorskie
3215,powiat szczecinecki,32,zachodniopomorskie
3213,powiat sławieński,32,zachodniopomorskie
